Animal_Age_Group,Animal_Gender,ZMusic_Usage_Period,Z_Device,ZMusic_Plan,ZPremium_Willingness,Preferred_ZPremium,Preferred_ZContent,Fav_ZMusic_Genre,ZMusic_Time_Slot,Z_Mental_Health_Mood,ZMusic_Listening_Frequency,ZMusic_Discovery_Method,ZMusic_Recommendation_Rating,ZPodcast_Listening_Frequency,Fav_ZPodcast_Genre,Preferred_ZPodcast_Format,ZPodcast_Host_Preference,Preferred_ZPodcast_Duration,Z_Life_Satisfaction
20-35,Female,More than 2 years,Smart speakers or voice assistants,Free (ad-supported),Yes,Family Plan-Rs 179/month,Podcast,Melody,Night,Sadness or melancholy,leisure time,Playlists,3.0,Daily,Comedy,Interview,Both,Both,Ok
12-20,Male,More than 2 years,,Free (ad-supported),Yes,Individual Plan- Rs 119/ month,Podcast,Rap,Afternoon,Social gatherings or parties,Workout session,Playlists,2.0,Several times a week,Comedy,Interview,Both,None,Satisfied
35-60,Others,6 months to 1 year,Smart speakers or voice assistants,Free (ad-supported),Yes,Student Plan-Rs 59/month,Podcast,Pop,Night,Relaxation and stress relief,"Study Hours, While Traveling",Playlists,4.0,Once a week,Sports,Interview,None,Both,Satisfied
20-35,Female,1 year to 2 years,"Smartphone, Smart speakers or voice assistants",Free (ad-supported),No,None,Music,Melody,Night,"Relaxation and stress relief, Social gatherings or parties","Office hours, Workout session, leisure time","recommendations, Playlists",4.0,Never,None,None,None,None,Ok
20-35,Female,,Smartphone,Free (ad-supported),No,None,Music,Melody,,Relaxation and stress relief,leisure time,"recommendations, Playlists",4.0,Rarely,Lifestyle and Health,Story telling,Well known individuals,,Ok
20-35,Male,More than 2 years,Smartphone,Free (ad-supported),No,None,Music,Pop,Night,Uplifting and motivational,Workout session,Others,3.0,,None,None,None,None,Ok
20-35,Female,1 year to 2 years,Smartphone,Free (ad-supported),No,None,Music,Melody,Morning,Relaxation and stress relief,Office hours,recommendations,3.0,Never,None,None,None,None,Ok
20-35,Female,Less than 6 months,Smartphone,Free (ad-supported),No,None,Music,Melody,Night,Social gatherings or parties,leisure time,recommendations,5.0,Several times a week,Lifestyle and Health,Conversational,Both,Longer,Satisfied
20-35,Female,Less than 6 months,Smartphone,Free (ad-supported),Yes,Individual Plan- Rs 119/ month,Music,Melody,Afternoon,"Relaxation and stress relief, Uplifting and motivational","While Traveling, leisure time","Playlists, Radio",4.0,Rarely,Comedy,Story telling,Well known individuals,Shorter,Satisfied
20-35,Female,More than 2 years,Smartphone,Free (ad-supported),No,None,Music,Melody,Night,Relaxation and stress relief,"Office hours, While Traveling, Workout session",recommendations,4.0,Never,None,None,None,None,Ok
20-35,Female,More than 2 years,Smartphone,Free (ad-supported),No,None,Music,Melody,Afternoon,"Relaxation and stress relief, Uplifting and motivational","While Traveling, leisure time",Playlists,3.0,Several times a week,Lifestyle and Health,Story telling,Both,Both,Satisfied
20-35,Female,1 year to 2 years,Smartphone,Free (ad-supported),No,None,Music,Melody,Night,,"While Traveling, leisure time","recommendations, Playlists",3.0,Several times a week,Comedy,Interview,Both,Shorter,Ok
20-35,Female,1 year to 2 years,"Smartphone, Computer or laptop",Free (ad-supported),No,None,Music,Melody,Morning,Relaxation and stress relief,Office hours,Playlists,3.0,Rarely,Lifestyle and Health,Story telling,Well known individuals,Shorter,Ok
20-35,Female,More than 2 years,Smartphone,Free (ad-supported),No,None,Music,Melody,Night,"Relaxation and stress relief, Uplifting and motivational, Sadness or melancholy, Social gatherings or parties","Office hours, While Traveling","recommendations, Others",1.0,Rarely,Comedy,Story telling,Well known individuals,Shorter,Ok
20-35,Female,More than 2 years,Smartphone,Free (ad-supported),Yes,None,Music,Pop,Morning,Relaxation and stress relief,,"recommendations, Playlists",5.0,Rarely,Lifestyle and Health,Educational,Well known individuals,Shorter,Very Satisfied
20-35,Female,More than 2 years,Smartphone,Free (ad-supported),No,None,Music,Pop,Afternoon,"Relaxation and stress relief, Uplifting and motivational","Office hours, While Traveling, leisure time",Others,2.0,,None,None,None,None,Very Dissatisfied
20-35,Female,Less than 6 months,Smartphone,Free (ad-supported),Yes,Individual Plan- Rs 119/ month,Music,Melody,Afternoon,Relaxation and stress relief,"While Traveling, leisure time","Playlists, Radio",1.0,Daily,Comedy,Educational,Well known individuals,Longer,Satisfied
20-35,Female,Less than 6 months,Smartphone,Free (ad-supported),No,None,Music,Melody,Night,Social gatherings or parties,Social gatherings ,recommendations,4.0,Never,None,,None,None,Ok
20-35,Female,More than 2 years,Smartphone,Free (ad-supported),No,None,Music,Melody,Night,Relaxation and stress relief,leisure time,recommendations,3.0,Never,None,None,None,None,Ok
20-35,Female,1 year to 2 years,Smartphone,Free (ad-supported),Yes,Individual Plan- Rs 119/ month,Music,Melody,Night,Sadness or melancholy,"While Traveling, leisure time",recommendations,4.0,Never,None,None,None,Shorter,Ok
20-35,Female,1 year to 2 years,Smartphone,,No,None,Music,Melody,Night,"Relaxation and stress relief, Sadness or melancholy","While Traveling, leisure time","recommendations, Playlists",4.0,Never,None,None,None,None,Ok
20-35,Male,More than 2 years,Smartphone,Free (ad-supported),Yes,Individual Plan- Rs 119/ month,,"Classical & melody, dance",Morning,Relaxation and stress relief,Office hours,recommendations,5.0,Never,None,None,,None,Ok
20-35,Female,Less than 6 months,Smartphone,Free (ad-supported),No,None,Music,Melody,Night,Relaxation and stress relief,While Traveling,recommendations,4.0,Once a week,Comedy,Story telling,Well known individuals,Shorter,Satisfied
20-35,Female,More than 2 years,"Smartphone, Computer or laptop, Smart speakers or voice assistants",Premium (paid subscription),Yes,Individual Plan- Rs 119/ month,Music,classical,Night,"Relaxation and stress relief, Uplifting and motivational, Sadness or melancholy, Social gatherings or parties","While Traveling, Workout session, leisure time","recommendations, Playlists, Radio",1.0,Rarely,Comedy,Interview,Both,Shorter,Very Satisfied
20-35,Male,More than 2 years,"Smartphone, Computer or laptop",Premium (paid subscription),Yes,Family Plan-Rs 179/month,Music,Rock,Night,"Relaxation and stress relief, Sadness or melancholy",Study Hours,"recommendations, Radio",3.0,Rarely,Lifestyle and Health,Conversational,Both,Both,Ok
20-35,Female,1 year to 2 years,Smartphone,Free (ad-supported),No,None,Music,Pop,Night,Relaxation and stress relief,"While Traveling, Workout session, leisure time",Others,4.0,Never,None,None,None,None,Ok
12-20,Male,6 months to 1 year,"Smartphone, Smart speakers or voice assistants",Premium (paid subscription),Yes,Student Plan-Rs 59/month,Podcast,,Morning,Relaxation and stress relief,"Office hours, While Traveling, Workout session",recommendations,4.0,Several times a week,Lifestyle and Health,Story telling,Both,Longer,Satisfied
35-60,Male,Less than 6 months,Smartphone,Free (ad-supported),No,None,Music,Old songs,Night,Relaxation and stress relief,leisure time,recommendations,1.0,Never,None,None,None,None,Very Dissatisfied
20-35,Female,Less than 6 months,Smartphone,Free (ad-supported),No,None,Music,Pop,Night,Relaxation and stress relief,"Office hours, While Traveling",recommendations,4.0,Never,None,None,None,None,Ok
20-35,Female,6 months to 1 year,"Smartphone, Computer or laptop",Free (ad-supported),No,None,Podcast,Melody,Night,"Relaxation and stress relief, Uplifting and motivational","Study Hours, leisure time",recommendations,3.0,Daily,Comedy,Conversational,Both,Longer,Satisfied
20-35,Female,6 months to 1 year,Smartphone,Free (ad-supported),No,None,Music,Melody,Morning,Relaxation and stress relief,While Traveling,Playlists,4.0,Rarely,Lifestyle and Health,Conversational,Well known individuals,Longer,Satisfied
20-35,Male,1 year to 2 years,Smartphone,Free (ad-supported),No,None,Music,Pop,Night,Relaxation and stress relief,Office hours,Playlists,5.0,Rarely,Comedy,Interview,Well known individuals,Both,Satisfied
12-20,Male,More than 2 years,,Free (ad-supported),No,None,Music,Pop,Night,Uplifting and motivational,Workout session,"recommendations, Playlists",3.0,Never,None,None,,None,Ok
,Male,More than 2 years,Smartphone,Free (ad-supported),Yes,None,Music,Pop,Night,Relaxation and stress relief,While Traveling,recommendations,3.0,Rarely,Comedy,Conversational,Both,Both,Ok
20-35,Female,Less than 6 months,Smartphone,Free (ad-supported),No,None,Music,Melody,Night,"Relaxation and stress relief, Uplifting and motivational, Sadness or melancholy, Social gatherings or parties","While Traveling, leisure time",Playlists,4.0,Rarely,Comedy,Story telling,Well known individuals,Shorter,Ok
12-20,Male,1 year to 2 years,Smartphone,Free (ad-supported),No,None,Music,Rap,Night,Uplifting and motivational,Workout session,Others,,Never,None,None,None,None,Ok
20-35,Female,More than 2 years,"Smartphone, Computer or laptop",Free (ad-supported),No,None,Music,Pop,Morning,Uplifting and motivational,"Office hours, While Traveling, leisure time","recommendations, Playlists, Radio",3.0,Several times a week,Business,Story telling,Both,Shorter,
20-35,Female,More than 2 years,"Smartphone, Computer or laptop",Free (ad-supported),Yes,Individual Plan- Rs 119/ month,Music,Melody,Night,"Relaxation and stress relief, Social gatherings or parties","While Traveling, Workout session, leisure time","recommendations, Playlists",3.0,Rarely,Comedy,Conversational,Well known individuals,Shorter,Satisfied
12-20,Female,More than 2 years,Smartphone,Free (ad-supported),No,None,Music,Melody,Night,Relaxation and stress relief,"While Traveling, leisure time",recommendations,4.0,Rarely,Comedy,Story telling,Both,Shorter,Satisfied
12-20,Female,More than 2 years,"Smartphone, Computer or laptop",Free (ad-supported),No,None,Music,Pop,Night,"Relaxation and stress relief, Uplifting and motivational","Study Hours, leisure time",Playlists,3.0,Rarely,None,Interview,Both,Shorter,Ok
12-20,Female,More than 2 years,Smartphone,Free (ad-supported),No,None,Music,Melody,Night,Relaxation and stress relief,"While Traveling, leisure time","recommendations, Playlists, Others",4.0,Rarely,Comedy,None,Both,Shorter,Ok
12-20,Male,1 year to 2 years,Smartphone,Free (ad-supported),No,None,Music,Pop,Night,Relaxation and stress relief,"While Traveling, Workout session",Playlists,3.0,Rarely,None,Conversational,Both,Both,Ok
12-20,Female,More than 2 years,Smartphone,Free (ad-supported),Yes,Student Plan-Rs 59/month,Music,Pop,Night,Uplifting and motivational,"Study Hours, Workout session, leisure time","recommendations, Playlists",4.0,Once a week,Comedy,Conversational,,Longer,Very Satisfied
12-20,Male,1 year to 2 years,,Free (ad-supported),No,None,Music,classical,Afternoon,"Relaxation and stress relief, Uplifting and motivational, Social gatherings or parties","While Traveling, Workout session, leisure time","recommendations, Others",5.0,Daily,Health and Fitness,Interview,Well known individuals,Longer,Very Satisfied
20-35,Female,Less than 6 months,Smartphone,Free (ad-supported),No,None,Music,Melody,Night,"Relaxation and stress relief, Sadness or melancholy","Office hours, While Traveling, ","recommendations, Playlists",5.0,Once a week,Comedy,Story telling,None,Both,Satisfied
20-35,Male,1 year to 2 years,,Free (ad-supported),No,None,Music,Melody,Night,Relaxation and stress relief,"While Traveling, leisure time",Playlists,5.0,Never,None,,None,None,Ok
12-20,Male,1 year to 2 years,Smartphone,Free (ad-supported),No,None,Podcast,classical,Afternoon,Sadness or melancholy,"While Traveling, Workout session",Others,3.0,Once a week,Lifestyle and Health,Conversational,Both,Both,Ok
35-60,Male,1 year to 2 years,"Smartphone, Smart speakers or voice assistants",Free (ad-supported),Yes,Student Plan-Rs 59/month,Podcast,Melody,Morning,Sadness or melancholy,"While Traveling, Workout session, leisure time","recommendations, Playlists",4.0,Once a week,Food and cooking,Interview,Both,Shorter,Satisfied
20-35,Female,Less than 6 months,"Smartphone, Wearable devices",Free (ad-supported),No,None,Music,Melody,Morning,Relaxation and stress relief,"While Traveling, leisure time","recommendations, Playlists",3.0,Once a week,,None,Well known individuals,Shorter,Ok
20-35,Male,1 year to 2 years,"Smartphone, Computer or laptop, Smart speakers or voice assistants",Premium (paid subscription),Yes,Individual Plan- Rs 119/ month,Music,Electronic/Dance,Night,"Relaxation and stress relief, Uplifting and motivational, Sadness or melancholy","While Traveling, Workout session, leisure time",recommendations,4.0,Rarely,Comedy,Story telling,unknown Podcasters,Shorter,Very Satisfied
20-35,Male,More than 2 years,"Smartphone, Computer or laptop, Wearable devices",Free (ad-supported),No,None,Music,,Night,Relaxation and stress relief,"While Traveling, leisure time","Playlists, Radio",3.0,Daily,Health and Fitness,Educational,Both,Shorter,Dissatisfied
12-20,Female,1 year to 2 years,Smart speakers or voice assistants,Free (ad-supported),No,None,Music,Pop,Night,Relaxation and stress relief,leisure time,Others,4.0,Once a week,Comedy,Story telling,Both,Shorter,Ok
20-35,Male,Less than 6 months,,Free (ad-supported),Yes,Individual Plan- Rs 119/ month,Music,Rap,Night,"Relaxation and stress relief, Sadness or melancholy",Office hours,Others,4.0,Never,None,None,None,None,Ok
20-35,Female,1 year to 2 years,Smartphone,Free (ad-supported),No,None,Podcast,Melody,Night,"Relaxation and stress relief, Uplifting and motivational","While Traveling, Workout session, leisure time","recommendations, Playlists",4.0,Rarely,Lifestyle and Health,Story telling,Both,Shorter,Very Satisfied
20-35,Female,More than 2 years,"Smartphone, Wearable devices",Free (ad-supported),No,None,Music,Pop,Night,"Relaxation and stress relief, Social gatherings or parties","Office hours, While Traveling, leisure time","recommendations, Radio",3.0,Rarely,Lifestyle and Health,Educational,Well known individuals,Shorter,Satisfied
12-20,Female,More than 2 years,Smartphone,Free (ad-supported),No,None,Music,All,Morning,"Relaxation and stress relief, Uplifting and motivational","Workout session, leisure time",Playlists,5.0,Never,None,None,None,None,Ok
20-35,Male,Less than 6 months,Smartphone,Free (ad-supported),No,None,Music,classical,Afternoon,Relaxation and stress relief,"While Traveling, leisure time",Playlists,3.0,Rarely,Lifestyle and Health,Educational,Both,Shorter,Ok
20-35,Female,6 months to 1 year,Smartphone,Free (ad-supported),No,None,Music,Melody,Night,Relaxation and stress relief,While Traveling,Playlists,4.0,Once a week,Comedy,Story telling,None,None,Satisfied
20-35,Female,More than 2 years,"Smartphone, Computer or laptop",Free (ad-supported),No,None,Music,Pop,Morning,Relaxation and stress relief,"While Traveling, Workout session","recommendations, Playlists",4.0,Daily,Comedy,Story telling,Both,Shorter,Satisfied
20-35,Male,More than 2 years,"Computer or laptop, Wearable devices",Premium (paid subscription),Yes,,Music,Pop,Night,"Relaxation and stress relief, Uplifting and motivational, Sadness or melancholy, Social gatherings or parties","While Traveling, Workout session, leisure time","recommendations, Playlists",5.0,Never,None,None,None,None,Satisfied
20-35,Male,More than 2 years,Smartphone,Free (ad-supported),Yes,None,Music,classical,Night,"Relaxation and stress relief, Uplifting and motivational, Sadness or melancholy","While Traveling, leisure time",recommendations,4.0,Rarely,Sports,Conversational,Well known individuals,Both,Satisfied
20-35,Male,Less than 6 months,Smartphone,Free (ad-supported),No,None,Music,Pop,Night,Uplifting and motivational,leisure time,Others,3.0,Never,None,None,None,None,Ok
20-35,Male,Less than 6 months,Smartphone,Free (ad-supported),No,,Music,Melody,Afternoon,"Relaxation and stress relief, Uplifting and motivational, Social gatherings or parties","While Traveling, leisure time",Others,3.0,Rarely,Sports,Story telling,Both,Shorter,Ok
20-35,Female,Less than 6 months,Smartphone,Free (ad-supported),No,None,Music,Melody,Night,Relaxation and stress relief,leisure time,Playlists,3.0,Rarely,Lifestyle and Health,Interview,Both,Shorter,Satisfied
12-20,Male,Less than 6 months,Computer or laptop,Free (ad-supported),No,None,Music,Rap,Afternoon,Relaxation and stress relief,"While Traveling, leisure time",recommendations,3.0,Never,None,None,None,None,Ok
20-35,Male,6 months to 1 year,Smartphone,Free (ad-supported),No,None,Music,Melody,Night,"Relaxation and stress relief, Sadness or melancholy",leisure time,"recommendations, Others",3.0,Never,None,None,None,None,Ok
20-35,Male,More than 2 years,"Smartphone, Computer or laptop, Smart speakers or voice assistants, Wearable devices",Premium (paid subscription),Yes,Individual Plan- Rs 119/ month,Music,Melody,Night,"Relaxation and stress relief, Uplifting and motivational, Social gatherings or parties","While Traveling, Workout session, leisure time","recommendations, Playlists",5.0,Several times a week,Comedy,Conversational,Both,Both,Very Satisfied
20-35,Male,More than 2 years,"Smartphone, Computer or laptop",Premium (paid subscription),Yes,Individual Plan- Rs 119/ month,Music,Melody,Night,"Relaxation and stress relief, Uplifting and motivational",Office hours,"recommendations, Playlists",4.0,Rarely,Comedy,Story telling,Both,Shorter,Satisfied
20-35,Female,Less than 6 months,Smartphone,Free (ad-supported),No,None,Music,Melody,Night,"Relaxation and stress relief, Uplifting and motivational, Sadness or melancholy, Social gatherings or parties","While Traveling, leisure time",Playlists,4.0,Never,Food and cooking,Story telling,Both,Shorter,Ok
20-35,Female,1 year to 2 years,"Smartphone, Computer or laptop, Wearable devices",Free (ad-supported),Yes,Individual Plan- Rs 119/ month,Music,Melody,Afternoon,Relaxation and stress relief,leisure time,recommendations,5.0,Never,None,None,,None,Ok
20-35,Female,1 year to 2 years,"Smartphone, Computer or laptop",Free (ad-supported),No,None,Music,Melody,Night,Relaxation and stress relief,"Office hours, While Traveling, Workout session",Playlists,5.0,Once a week,Lifestyle and Health,Interview,Both,Both,Satisfied
20-35,Female,Less than 6 months,Smartphone,Free (ad-supported),No,None,Music,Electronic/Dance,Afternoon,Uplifting and motivational,While Traveling,Playlists,3.0,Never,None,None,None,None,Ok
20-35,Female,More than 2 years,Smartphone,Free (ad-supported),No,None,Music,Melody,Night,"Relaxation and stress relief, Sadness or melancholy",leisure time,"recommendations, Playlists",5.0,Rarely,Lifestyle and Health,Conversational,Well known individuals,Shorter,Very Satisfied
20-35,Female,Less than 6 months,"Smartphone, Computer or laptop",Free (ad-supported),No,None,Music,Melody,Morning,Social gatherings or parties,"Office hours, While Traveling, leisure time",Others,2.0,Rarely,Comedy,Conversational,Both,Both,Ok
12-20,Female,6 months to 1 year,Computer or laptop,Premium (paid subscription),No,None,Podcast,Melody,Afternoon,Uplifting and motivational,While Traveling,Radio,2.0,Daily,Health and Fitness,Interview,Well known individuals,Longer,Ok
20-35,Others,1 year to 2 years,Smart speakers or voice assistants,Premium (paid subscription),Yes,Student Plan-Rs 59/month,Podcast,Rap,Afternoon,"Uplifting and motivational, Sadness or melancholy","While Traveling, Workout session, leisure time",Others,4.0,Once a week,Food and cooking,Story telling,Both,Longer,Satisfied
20-35,Female,More than 2 years,Wearable devices,Free (ad-supported),Yes,Duo plan- Rs 149/month,Podcast,Rap,Night,,Study Hours,recommendations,2.0,Daily,Lifestyle and Health,Conversational,unknown Podcasters,Both,Very Satisfied
35-60,Male,1 year to 2 years,Computer or laptop,Free (ad-supported),Yes,Individual Plan- Rs 119/ month,Podcast,Pop,Afternoon,Social gatherings or parties,Workout session,Radio,5.0,Once a week,Comedy,Educational,None,Shorter,Ok
,Female,1 year to 2 years,Computer or laptop,Free (ad-supported),Yes,Individual Plan- Rs 119/ month,Podcast,Melody,Afternoon,Sadness or melancholy,While Traveling,Radio,3.0,Several times a week,Health and Fitness,Story telling,Both,Longer,Very Satisfied
12-20,Female,1 year to 2 years,Computer or laptop,,Yes,Duo plan- Rs 149/month,Podcast,classical,Afternoon,Uplifting and motivational,Study Hours,Radio,3.0,Rarely,Lifestyle and Health,Conversational,unknown Podcasters,Longer,Satisfied
20-35,Female,6 months to 1 year,Smartphone,Free (ad-supported),No,None,Music,Melody,Afternoon,Relaxation and stress relief,leisure time,Others,4.0,Never,None,None,None,None,Ok
12-20,Female,Less than 6 months,Smartphone,Free (ad-supported),Yes,Duo plan- Rs 149/month,Podcast,Rap,Morning,Relaxation and stress relief,Study Hours,Radio,3.0,Once a week,Food and cooking,Story telling,Well known individuals,Shorter,Ok
35-60,Male,Less than 6 months,Smartphone,,No,None,Podcast,classical,Night,Relaxation and stress relief,leisure time,recommendations,4.0,Daily,Comedy,Conversational,Well known individuals,Shorter,Satisfied
12-20,Others,6 months to 1 year,Computer or laptop,Free (ad-supported),Yes,Individual Plan- Rs 119/ month,Music,Melody,Morning,Uplifting and motivational,While Traveling,Radio,3.0,Several times a week,Health and Fitness,Story telling,unknown Podcasters,Longer,Satisfied
20-35,Female,1 year to 2 years,Smartphone,Free (ad-supported),No,None,Music,Melody,Night,,leisure time,Playlists,3.0,Several times a week,Comedy,None,Both,Shorter,Ok
20-35,Male,6 months to 1 year,Computer or laptop,Free (ad-supported),Yes,Duo plan- Rs 149/month,Podcast,Rap,Morning,Sadness or melancholy,While Traveling,Playlists,3.0,Several times a week,Sports,Interview,Both,Both,Very Satisfied
,Male,6 months to 1 year,Computer or laptop,Free (ad-supported),No,None,Podcast,Rap,Afternoon,,Study Hours,Others,3.0,Once a week,Sports,Conversational,unknown Podcasters,Both,Ok
20-35,Female,1 year to 2 years,Smartphone,Free (ad-supported),No,None,,Melody,Night,Relaxation and stress relief,"While Traveling, leisure time",recommendations,4.0,Never,None,None,None,None,Ok
20-35,Female,Less than 6 months,Smartphone,Free (ad-supported),Yes,Individual Plan- Rs 119/ month,Podcast,Electronic/Dance,Night,Relaxation and stress relief,Office hours,Playlists,5.0,Several times a week,Comedy,Educational,Well known individuals,Both,Very Satisfied
35-60,Others,More than 2 years,Smart speakers or voice assistants,Free (ad-supported),No,None,Podcast,classical,Morning,Uplifting and motivational,While Traveling,recommendations,4.0,Once a week,Lifestyle and Health,Story telling,unknown Podcasters,Shorter,Satisfied
20-35,Female,More than 2 years,Smartphone,Free (ad-supported),Yes,Individual Plan- Rs 119/ month,Music,Melody,Night,"Relaxation and stress relief, Uplifting and motivational, Sadness or melancholy, Social gatherings or parties",,"recommendations, Playlists, Others",5.0,Rarely,Comedy,Story telling,Both,Shorter,Satisfied
20-35,Female,Less than 6 months,Smartphone,Premium (paid subscription),Yes,Individual Plan- Rs 119/ month,Music,classical,Night,Relaxation and stress relief,Office hours,Playlists,3.0,Never,Lifestyle and Health,None,Both,Longer,Satisfied
20-35,Female,Less than 6 months,Smartphone,Free (ad-supported),No,None,Music,Melody,Night,Relaxation and stress relief,leisure time,recommendations,3.0,Never,None,None,None,,Ok
12-20,Female,More than 2 years,Smartphone,Free (ad-supported),No,None,Music,Melody,Morning,"Relaxation and stress relief, Uplifting and motivational, Sadness or melancholy, Social gatherings or parties","While Traveling, Workout session, leisure time","recommendations, Playlists",4.0,,Comedy,Conversational,Both,Shorter,Very Satisfied
20-35,Female,More than 2 years,"Smartphone, Wearable devices",Free (ad-supported),No,None,Music,Melody,Morning,"Relaxation and stress relief, Uplifting and motivational, Sadness or melancholy, Social gatherings or parties","While Traveling, leisure time","recommendations, Playlists",3.0,Rarely,Food and cooking,Story telling,None,None,Ok
20-35,Male,More than 2 years,Smartphone,Free (ad-supported),No,,Music,Rap,Night,"Relaxation and stress relief, Uplifting and motivational",Office hours,Playlists,3.0,Rarely,Everything,Story telling,Well known individuals,Both,Ok
20-35,Male,1 year to 2 years,Smartphone,Free (ad-supported),No,None,Music,Melody,Night,Relaxation and stress relief,leisure time,Playlists,3.0,Never,Sports,None,,Shorter,Ok
20-35,Female,6 months to 1 year,"Smartphone, Computer or laptop",Free (ad-supported),No,None,Music,Melody,Night,"Relaxation and stress relief, Uplifting and motivational, Sadness or melancholy","While Traveling, Workout session, leisure time",recommendations,3.0,Never,None,None,None,None,Ok
20-35,Female,More than 2 years,Smartphone,Premium (paid subscription),Yes,Individual Plan- Rs 119/ month,Music,Pop,Night,"Relaxation and stress relief, Uplifting and motivational, Sadness or melancholy, Social gatherings or parties","While Traveling, Workout session, leisure time","recommendations, Playlists",5.0,Rarely,Comedy,Story telling,Well known individuals,Shorter,Satisfied
20-35,Female,More than 2 years,"Smartphone, Smart speakers or voice assistants",Premium (paid subscription),Yes,Individual Plan- Rs 119/ month,Music,Pop,Night,"Relaxation and stress relief, Social gatherings or parties",leisure time,recommendations,3.0,Never,None,None,None,None,Ok
20-35,Male,More than 2 years,Smartphone,Premium (paid subscription),Yes,Individual Plan- Rs 119/ month,Music,Pop,Night,"Relaxation and stress relief, Uplifting and motivational, Sadness or melancholy, Social gatherings or parties","Office hours, While Traveling, Workout session, leisure time","recommendations, Playlists, Radio",5.0,Never,None,Story telling,None,None,Very Satisfied
,,Less than 6 months,Smartphone,Free (ad-supported),No,Student Plan-Rs 59/month,Music,Melody,Night,Relaxation and stress relief,While Traveling,Playlists,4.0,Rarely,None,Story telling,None,None,Ok
20-35,Female,Less than 6 months,Smartphone,Free (ad-supported),No,None,Music,Pop,Afternoon,Relaxation and stress relief,Office hours,recommendations,4.0,,Lifestyle and Health,Educational,Well known individuals,Shorter,Satisfied
20-35,Male,Less than 6 months,Smartphone,Free (ad-supported),No,None,Music,classical,Night,Relaxation and stress relief,leisure time,recommendations,4.0,Never,None,None,None,None,Ok
20-35,Female,More than 2 years,"Smartphone, Computer or laptop",Free (ad-supported),No,None,Music,Melody,Morning,"Relaxation and stress relief, Sadness or melancholy","While Traveling, leisure time","recommendations, Playlists",3.0,Rarely,None,Interview,None,None,Ok
20-35,Female,Less than 6 months,Smartphone,Free (ad-supported),No,None,Music,Melody,Night,Sadness or melancholy,leisure time,Playlists,4.0,Never,None,Educational,Both,Shorter,Satisfied
20-35,Male,More than 2 years,"Smartphone, Computer or laptop",Free (ad-supported),No,None,Music,Pop,Morning,"Relaxation and stress relief, Uplifting and motivational, Sadness or melancholy","Office hours, While Traveling",recommendations,4.0,Never,None,None,None,None,Ok
20-35,Female,More than 2 years,,Free (ad-supported),No,None,Music,Melody,Night,,"Study Hours, While Traveling, Workout session, leisure time",Others,4.0,Rarely,None,Educational,Well known individuals,Shorter,Ok
20-35,Female,Less than 6 months,Smartphone,Free (ad-supported),No,None,Music,Pop,Night,Relaxation and stress relief,leisure time,recommendations,3.0,Rarely,Comedy,Story telling,Well known individuals,Shorter,Ok
20-35,Female,More than 2 years,"Smartphone, Computer or laptop",Premium (paid subscription),Yes,Duo plan- Rs 149/month,Music,Pop,Night,Relaxation and stress relief,"While Traveling, leisure time","recommendations, Playlists",5.0,Rarely,Lifestyle and Health,Educational,Both,Shorter,Very Satisfied
20-35,Male,Less than 6 months,Smartphone,Free (ad-supported),No,None,,Melody,Night,Relaxation and stress relief,While Traveling,Playlists,4.0,Several times a week,None,None,None,None,Ok
20-35,Female,Less than 6 months,Smartphone,Free (ad-supported),No,None,Music,Melody,Night,"Relaxation and stress relief, Uplifting and motivational",While Traveling,"recommendations, Playlists",4.0,Rarely,None,None,None,None,Ok
20-35,Female,More than 2 years,Smartphone,Free (ad-supported),No,None,Music,Melody,Night,Relaxation and stress relief,While Traveling,recommendations,5.0,,None,Interview,None,None,Ok
20-35,Female,1 year to 2 years,Smartphone,Free (ad-supported),No,None,Music,Kpop,Night,Relaxation and stress relief,"Office hours, While Traveling, Workout session","recommendations, Playlists",5.0,Once a week,Comedy,Conversational,None,Shorter,Very Satisfied
20-35,Female,Less than 6 months,Smartphone,Free (ad-supported),No,None,Music,Melody,Night,"Relaxation and stress relief, Uplifting and motivational","While Traveling, leisure time",recommendations,4.0,Never,,None,None,None,Ok
20-35,Female,1 year to 2 years,Smartphone,,No,None,Music,Melody,Night,"Relaxation and stress relief, Uplifting and motivational","While Traveling, Workout session, leisure time",Playlists,4.0,Once a week,Health and Fitness,Conversational,Both,Shorter,Satisfied
20-35,,More than 2 years,Smartphone,Premium (paid subscription),No,None,Music,classical,Night,,leisure time,,1.0,Never,None,None,None,None,Ok
20-35,Male,More than 2 years,,Premium (paid subscription),No,None,Music,All,Night,"Relaxation and stress relief, Uplifting and motivational, Social gatherings or parties","Office hours, Study Hours, While Traveling, Workout session, leisure time","recommendations, Playlists, Radio",2.0,Rarely,Informative stuff,Conversational,Well known individuals,Longer,Ok
20-35,Female,More than 2 years,Smartphone,Free (ad-supported),No,None,Music,Melody,,Relaxation and stress relief,"While Traveling, leisure time",recommendations,4.0,Several times a week,Lifestyle and Health,Conversational,Both,Shorter,Ok
20-35,Female,Less than 6 months,Smartphone,Free (ad-supported),No,None,Music,Melody,Morning,"Relaxation and stress relief, Uplifting and motivational",leisure time,Playlists,1.0,Rarely,Lifestyle and Health,Story telling,Both,Shorter,Dissatisfied
20-35,Female,6 months to 1 year,Smartphone,Free (ad-supported),No,None,Music,Melody,Night,"Relaxation and stress relief, Uplifting and motivational, Sadness or melancholy, Social gatherings or parties","Office hours, While Traveling, leisure time","recommendations, Playlists",5.0,Never,None,None,None,None,Ok
20-35,Male,More than 2 years,"Smartphone, Computer or laptop",Free (ad-supported),Yes,Duo plan- Rs 149/month,Music,Pop,Night,"Relaxation and stress relief, Sadness or melancholy, Social gatherings or parties","While Traveling, leisure time",Others,3.0,Rarely,Comedy,Conversational,Well known individuals,Shorter,Ok
20-35,Female,1 year to 2 years,Smartphone,Free (ad-supported),No,None,Music,Pop,Night,Uplifting and motivational,"While Traveling, leisure time","recommendations, Playlists",4.0,Rarely,Comedy,Conversational,,Shorter,Satisfied
20-35,Female,More than 2 years,Smartphone,Free (ad-supported),No,None,Podcast,,Night,"Relaxation and stress relief, Uplifting and motivational","Workout session, leisure time","recommendations, Playlists",4.0,Several times a week,Health and Fitness,Conversational,Well known individuals,Shorter,Satisfied
20-35,Female,1 year to 2 years,Smartphone,Free (ad-supported),Yes,Individual Plan- Rs 119/ month,Music,,Night,"Relaxation and stress relief, Sadness or melancholy","Office hours, leisure time","recommendations, Playlists",4.0,Never,None,None,,None,Ok
20-35,Female,6 months to 1 year,Smartphone,Free (ad-supported),No,None,Podcast,Melody,Morning,Relaxation and stress relief,"While Traveling, leisure time",recommendations,3.0,Once a week,Lifestyle and Health,Conversational,unknown Podcasters,Both,Dissatisfied
12-20,Female,Less than 6 months,Smartphone,Free (ad-supported),No,None,Music,Melody,Morning,Relaxation and stress relief,While Traveling,recommendations,4.0,Rarely,Lifestyle and Health,Conversational,Both,Shorter,Satisfied
20-35,Female,6 months to 1 year,Smartphone,Free (ad-supported),Yes,Student Plan-Rs 59/month,Music,Melody,Night,"Relaxation and stress relief, Sadness or melancholy",While Traveling,"recommendations, Others",4.0,Never,None,None,None,None,Ok
20-35,Female,Less than 6 months,Smartphone,Free (ad-supported),No,None,Music,Pop,Night,,leisure time,recommendations,4.0,Rarely,Comedy,Story telling,Both,Shorter,
20-35,Female,More than 2 years,"Smartphone, Computer or laptop, Smart speakers or voice assistants",Free (ad-supported),No,None,Music,Melody,Night,"Relaxation and stress relief, Uplifting and motivational, Sadness or melancholy","While Traveling, leisure time","recommendations, Playlists, Others",,Once a week,Lifestyle and Health,Conversational,Well known individuals,Shorter,Satisfied
20-35,,More than 2 years,"Smartphone, Computer or laptop, Wearable devices",Free (ad-supported),No,None,Music,Electronic/Dance,Night,"Relaxation and stress relief, Uplifting and motivational, Sadness or melancholy, Social gatherings or parties","While Traveling, Workout session, leisure time","recommendations, Playlists, Others",4.0,Rarely,Health and Fitness,Conversational,Both,Shorter,Ok
20-35,Female,Less than 6 months,Smartphone,Free (ad-supported),No,None,Music,Melody,Night,"Relaxation and stress relief, Uplifting and motivational","While Traveling, leisure time",recommendations,3.0,Never,None,None,None,None,Ok
20-35,Male,1 year to 2 years,"Smartphone, Smart speakers or voice assistants",,No,None,Music,Rap,Night,"Relaxation and stress relief, Uplifting and motivational",,recommendations,4.0,Never,None,None,None,None,Ok
20-35,Female,Less than 6 months,Wearable devices,Free (ad-supported),No,None,Music,Melody,Morning,Relaxation and stress relief,leisure time,"recommendations, Others",3.0,Never,None,None,None,None,Ok
20-35,Male,6 months to 1 year,"Smartphone, Computer or laptop",Free (ad-supported),Yes,Student Plan-Rs 59/month,Music,Melody,,"Relaxation and stress relief, Uplifting and motivational","While Traveling, Workout session, leisure time","recommendations, Playlists, Radio",5.0,Never,None,None,None,,
20-35,Male,More than 2 years,"Smartphone, Computer or laptop",Free (ad-supported),No,None,Podcast,Rap,Night,"Relaxation and stress relief, Uplifting and motivational","While Traveling, Workout session","recommendations, Playlists",5.0,Several times a week,Lifestyle and Health,Educational,Well known individuals,Both,Satisfied
35-60,Male,More than 2 years,Smartphone,Free (ad-supported),Yes,Individual Plan- Rs 119/ month,Music,Melody,Night,Uplifting and motivational,"While Traveling, Workout session, leisure time",Playlists,4.0,Never,None,None,None,None,Ok
20-35,Female,Less than 6 months,,Free (ad-supported),No,None,Music,Melody,Night,Relaxation and stress relief,leisure time,recommendations,4.0,Rarely,Food and cooking,Interview,Well known individuals,Shorter,Very Satisfied
20-35,Male,More than 2 years,"Smartphone, Smart speakers or voice assistants, Wearable devices",Free (ad-supported),No,None,Music,Rock,Night,Relaxation and stress relief,leisure time,Playlists,3.0,Never,None,None,None,None,Ok
20-35,Female,6 months to 1 year,Smartphone,Free (ad-supported),No,None,Music,Pop,Night,Relaxation and stress relief,"While Traveling, leisure time",recommendations,4.0,Rarely,Lifestyle and Health,Conversational,Both,Shorter,Satisfied
20-35,Male,1 year to 2 years,"Smartphone, Computer or laptop",Premium (paid subscription),Yes,,Music,Melody,Night,Relaxation and stress relief,While Traveling,Playlists,5.0,Daily,Health and Fitness,Story telling,Both,Both,Satisfied
35-60,Female,Less than 6 months,Smartphone,Free (ad-supported),No,None,Podcast,classical,Night,Relaxation and stress relief,leisure time,recommendations,4.0,Several times a week,Lifestyle and Health,Conversational,Well known individuals,Shorter,Satisfied
20-35,Female,,Smartphone,Free (ad-supported),No,None,Podcast,Melody,Night,Relaxation and stress relief,leisure time,"Radio, Others",4.0,Rarely,Lifestyle and Health,Educational,Both,Both,Satisfied
20-35,Female,More than 2 years,Smartphone,Premium (paid subscription),Yes,Individual Plan- Rs 119/ month,Music,Melody,Night,"Relaxation and stress relief, Sadness or melancholy, Social gatherings or parties","While Traveling, Workout session, leisure time","Radio, Others",3.0,Rarely,Lifestyle and Health,Conversational,Well known individuals,Shorter,Very Satisfied
20-35,Female,Less than 6 months,Smartphone,Free (ad-supported),No,None,Music,Pop,Night,Relaxation and stress relief,"Workout session, leisure time",recommendations,3.0,Rarely,Comedy,Conversational,Well known individuals,Shorter,Ok
20-35,Male,More than 2 years,Smartphone,Free (ad-supported),No,None,Music,Pop,Night,Relaxation and stress relief,While Traveling,recommendations,5.0,Rarely,Comedy,Interview,Both,Shorter,Satisfied
12-20,Male,More than 2 years,Smartphone,Premium (paid subscription),No,None,Music,Melody,Afternoon,Relaxation and stress relief,"While Traveling, leisure time",recommendations,3.0,Rarely,Comedy,Story telling,Both,Both,Ok
20-35,Male,1 year to 2 years,"Smartphone, Computer or laptop, Smart speakers or voice assistants, Wearable devices",Free (ad-supported),No,None,Music,Melody,Afternoon,Relaxation and stress relief,"Office hours, While Traveling, leisure time","recommendations, Playlists",5.0,Never,,None,None,None,Ok
20-35,Female,Less than 6 months,Smartphone,Free (ad-supported),No,None,Music,Electronic/Dance,Night,Relaxation and stress relief,leisure time,Others,4.0,Rarely,Sports,Educational,unknown Podcasters,Both,Ok
20-35,Female,1 year to 2 years,Smartphone,Free (ad-supported),No,None,Music,Pop,Night,Relaxation and stress relief,"While Traveling, Workout session, leisure time",Playlists,5.0,Several times a week,Comedy,Story telling,unknown Podcasters,Shorter,Very Satisfied
20-35,Female,More than 2 years,"Smartphone, Computer or laptop",Free (ad-supported),No,,Music,classical,Night,"Relaxation and stress relief, Uplifting and motivational, Sadness or melancholy, Social gatherings or parties","Office hours, While Traveling, leisure time","recommendations, Playlists",4.0,Never,None,None,None,None,Ok
20-35,Female,1 year to 2 years,Computer or laptop,Free (ad-supported),Yes,Duo plan- Rs 149/month,Music,Melody,Night,Uplifting and motivational,Workout session,Radio,3.0,Rarely,Food and cooking,Educational,Well known individuals,Both,Satisfied
20-35,,1 year to 2 years,Smartphone,Free (ad-supported),Yes,Student Plan-Rs 59/month,Music,Melody,Morning,Relaxation and stress relief,While Traveling,"recommendations, Playlists",5.0,Never,None,None,None,None,Ok
20-35,Female,1 year to 2 years,Smartphone,Free (ad-supported),No,None,Music,Melody,Afternoon,,leisure time,recommendations,4.0,Rarely,Food and cooking,Conversational,Both,Shorter,Ok
20-35,Male,More than 2 years,Smartphone,Premium (paid subscription),Yes,Family Plan-Rs 179/month,Podcast,Pop,Night,Uplifting and motivational,Study Hours,recommendations,3.0,Several times a week,Sports,Conversational,Well known individuals,Longer,Very Satisfied
20-35,Female,6 months to 1 year,Smartphone,Free (ad-supported),No,None,Music,Melody,Night,Relaxation and stress relief,leisure time,Playlists,4.0,Rarely,Comedy,Conversational,Both,Shorter,Ok
20-35,Male,More than 2 years,"Smartphone, Computer or laptop",Premium (paid subscription),Yes,Individual Plan- Rs 119/ month,Music,Electronic/Dance,Night,Relaxation and stress relief,leisure time,"recommendations, Playlists",4.0,Rarely,Lifestyle and Health,Educational,None,None,Ok
20-35,Male,Less than 6 months,Smartphone,Free (ad-supported),No,None,Music,classical,Night,Relaxation and stress relief,While Traveling,recommendations,5.0,Rarely,Sports,,Well known individuals,Shorter,Ok
20-35,Male,More than 2 years,Smartphone,,No,None,Music,Melody,Night,,"While Traveling, leisure time","recommendations, Playlists",4.0,Never,None,None,None,None,Ok
20-35,Female,6 months to 1 year,Smartphone,Free (ad-supported),No,None,Music,Melody,,Relaxation and stress relief,"While Traveling, Workout session",Playlists,3.0,Daily,Lifestyle and Health,Story telling,Well known individuals,Shorter,Very Satisfied
20-35,Male,1 year to 2 years,"Smartphone, Smart speakers or voice assistants",Free (ad-supported),No,None,Music,Melody,Night,"Relaxation and stress relief, Uplifting and motivational","Office hours, While Traveling","Radio, Others",4.0,Several times a week,Sports,Educational,Both,Longer,Satisfied
20-35,Male,,"Smartphone, Computer or laptop, Smart speakers or voice assistants",Premium (paid subscription),Yes,Individual Plan- Rs 119/ month,Music,Melody,Night,Relaxation and stress relief,"While Traveling, leisure time","recommendations, Playlists",,Never,None,None,None,None,Ok
20-35,Female,Less than 6 months,Smartphone,Free (ad-supported),No,None,Music,Pop,Morning,Uplifting and motivational,"While Traveling, Workout session","recommendations, Playlists",4.0,Rarely,Lifestyle and Health,Conversational,Both,Both,Ok
20-35,Female,1 year to 2 years,Smartphone,Free (ad-supported),No,None,Music,Melody,Night,Relaxation and stress relief,leisure time,Playlists,4.0,Rarely,Comedy,Conversational,Well known individuals,Shorter,Ok
20-35,Female,6 months to 1 year,Smartphone,Free (ad-supported),No,None,Music,Melody,Night,"Relaxation and stress relief, Sadness or melancholy, Social gatherings or parties",,Playlists,5.0,Several times a week,Comedy,Interview,Well known individuals,Shorter,
12-20,Female,1 year to 2 years,Smart speakers or voice assistants,Free (ad-supported),Yes,Duo plan- Rs 149/month,Podcast,classical,,Sadness or melancholy,While Traveling,Radio,3.0,Once a week,Health and Fitness,Story telling,unknown Podcasters,Both,Satisfied
20-35,Female,1 year to 2 years,Smart speakers or voice assistants,Premium (paid subscription),Yes,Family Plan-Rs 179/month,Podcast,Rap,Afternoon,"Sadness or melancholy, Social gatherings or parties","While Traveling, Workout session","Playlists, Radio",3.0,Once a week,Sports,Interview,Well known individuals,Shorter,Satisfied
12-20,,6 months to 1 year,Smart speakers or voice assistants,Premium (paid subscription),Yes,Duo plan- Rs 149/month,Podcast,classical,Afternoon,Uplifting and motivational,While Traveling,Radio,2.0,Once a week,Health and Fitness,Story telling,unknown Podcasters,Longer,Ok
12-20,Female,1 year to 2 years,Computer or laptop,Free (ad-supported),Yes,Duo plan- Rs 149/month,Podcast,Rap,Morning,Uplifting and motivational,,Radio,2.0,Once a week,Health and Fitness,Story telling,,Both,Ok
12-20,Female,6 months to 1 year,,Free (ad-supported),Yes,Duo plan- Rs 149/month,,classical,Afternoon,Sadness or melancholy,"While Traveling, leisure time",recommendations,3.0,Once a week,Lifestyle and Health,Educational,Both,,Satisfied
20-35,Female,1 year to 2 years,Computer or laptop,Free (ad-supported),No,None,Podcast,classical,Morning,Uplifting and motivational,While Traveling,"Radio, Others",2.0,Several times a week,Lifestyle and Health,Story telling,Both,Shorter,Ok
20-35,Female,1 year to 2 years,"Computer or laptop, Smart speakers or voice assistants",Free (ad-supported),No,None,Podcast,classical,Morning,Uplifting and motivational,Workout session,Radio,2.0,Several times a week,Food and cooking,,unknown Podcasters,Longer,Ok
12-20,Female,1 year to 2 years,Smart speakers or voice assistants,Premium (paid subscription),No,None,Podcast,classical,Afternoon,Sadness or melancholy,"Study Hours, While Traveling","Playlists, Others",4.0,Several times a week,Health and Fitness,Interview,unknown Podcasters,Longer,Satisfied
6-12,Female,6 months to 1 year,Smart speakers or voice assistants,Premium (paid subscription),Yes,Duo plan- Rs 149/month,Podcast,classical,,Uplifting and motivational,"Study Hours, While Traveling","Playlists, Radio",2.0,Once a week,Lifestyle and Health,Interview,,Both,Ok
20-35,Female,More than 2 years,"Computer or laptop, Smart speakers or voice assistants",,Yes,Family Plan-Rs 179/month,Podcast,classical,Morning,Uplifting and motivational,Workout session,Radio,2.0,Once a week,Health and Fitness,Interview,unknown Podcasters,Both,Ok
35-60,Male,,Computer or laptop,Free (ad-supported),No,None,Podcast,Melody,Morning,Sadness or melancholy,Workout session,Radio,3.0,Once a week,Health and Fitness,Interview,unknown Podcasters,Both,Dissatisfied
12-20,Male,6 months to 1 year,Smart speakers or voice assistants,Free (ad-supported),Yes,Student Plan-Rs 59/month,Podcast,Rap,Morning,Relaxation and stress relief,"While Traveling, Workout session","Playlists, Radio",3.0,Several times a week,Food and cooking,Interview,unknown Podcasters,Longer,Ok
12-20,,1 year to 2 years,"Computer or laptop, Wearable devices",Premium (paid subscription),Yes,Duo plan- Rs 149/month,Podcast,classical,Afternoon,,"While Traveling, leisure time","Playlists, Others",2.0,Once a week,Health and Fitness,Story telling,unknown Podcasters,Both,Dissatisfied
20-35,Female,6 months to 1 year,"Computer or laptop, Smart speakers or voice assistants",Free (ad-supported),Yes,Duo plan- Rs 149/month,Music,classical,Afternoon,"Uplifting and motivational, Sadness or melancholy","Study Hours, Workout session","Playlists, Radio",2.0,Once a week,Sports,Story telling,Both,Longer,Ok
20-35,Female,6 months to 1 year,Smart speakers or voice assistants,Free (ad-supported),,Duo plan- Rs 149/month,Podcast,classical,,Relaxation and stress relief,While Traveling,"Radio, Others",3.0,Once a week,Health and Fitness,Interview,unknown Podcasters,Longer,Ok
35-60,Female,1 year to 2 years,Smart speakers or voice assistants,Free (ad-supported),Yes,Family Plan-Rs 179/month,Music,classical,Afternoon,,"Study Hours, Workout session",Radio,2.0,Rarely,Health and Fitness,Interview,unknown Podcasters,Longer,
20-35,Female,6 months to 1 year,Computer or laptop,Free (ad-supported),Yes,Family Plan-Rs 179/month,Music,classical,Morning,Uplifting and motivational,While Traveling,Playlists,3.0,Once a week,Health and Fitness,Educational,Both,Both,Ok
12-20,Female,6 months to 1 year,"Smartphone, Computer or laptop, Wearable devices",Free (ad-supported),No,None,Podcast,classical,Morning,"Uplifting and motivational, Sadness or melancholy",Workout session,Others,4.0,Rarely,Sports,Story telling,Both,Longer,Dissatisfied
35-60,Others,More than 2 years,Wearable devices,Premium (paid subscription),Yes,Family Plan-Rs 179/month,Music,Electronic/Dance,Morning,Uplifting and motivational,"Study Hours, Workout session","Playlists, Radio, Others",2.0,Rarely,Health and Fitness,Story telling,Both,,Satisfied
20-35,Female,6 months to 1 year,Computer or laptop,Free (ad-supported),No,None,Podcast,Rap,Morning,Uplifting and motivational,While Traveling,Playlists,2.0,Several times a week,Lifestyle and Health,Conversational,Both,Both,Dissatisfied
20-35,Others,6 months to 1 year,Smart speakers or voice assistants,Free (ad-supported),No,None,Podcast,classical,Morning,Social gatherings or parties,While Traveling,,2.0,Once a week,Lifestyle and Health,Interview,Well known individuals,Both,Very Satisfied
35-60,Female,6 months to 1 year,Smart speakers or voice assistants,Premium (paid subscription),No,None,Music,Melody,Night,Social gatherings or parties,While Traveling,Others,2.0,Once a week,Health and Fitness,Educational,unknown Podcasters,Longer,Ok
12-20,Male,6 months to 1 year,Smartphone,Free (ad-supported),No,None,Music,,Night,,leisure time,Playlists,2.0,Never,None,None,None,None,Ok
35-60,,6 months to 1 year,Smartphone,Free (ad-supported),No,None,Music,Melody,Night,Uplifting and motivational,While Traveling,Playlists,4.0,Rarely,Comedy,Story telling,Both,Shorter,Satisfied
20-35,Female,More than 2 years,Smartphone,Free (ad-supported),No,None,Music,Melody,Night,Relaxation and stress relief,While Traveling,,4.0,Rarely,Comedy,Story telling,,,Satisfied
20-35,Male,Less than 6 months,Smartphone,Free (ad-supported),No,None,Music,trending songs random,Night,Relaxation and stress relief,"While Traveling, leisure time",recommendations,3.0,Never,None,None,None,None,Ok
20-35,Male,More than 2 years,Smartphone,Free (ad-supported),No,,Music,Melody,Night,Relaxation and stress relief,"While Traveling, Workout session, leisure time",recommendations,4.0,Several times a week,Health and Fitness,Conversational,Well known individuals,Both,Satisfied
35-60,Female,1 year to 2 years,Smartphone,Free (ad-supported),No,None,Music,Melody,Morning,Relaxation and stress relief,leisure time,,5.0,Rarely,Comedy,Interview,Well known individuals,Shorter,Ok
20-35,Female,6 months to 1 year,Smartphone,Free (ad-supported),No,None,Music,Melody,Afternoon,"Relaxation and stress relief, Uplifting and motivational, Social gatherings or parties",While Traveling,"recommendations, Playlists",5.0,Several times a week,Comedy,Conversational,Both,Shorter,Ok
20-35,Female,1 year to 2 years,Smartphone,Free (ad-supported),No,None,Music,Melody,Night,Relaxation and stress relief,"While Traveling, leisure time",recommendations,4.0,Never,,None,None,None,Ok
35-60,Female,More than 2 years,Smartphone,Premium (paid subscription),Yes,Duo plan- Rs 149/month,Music,Melody,Night,Relaxation and stress relief,leisure time,Playlists,5.0,Rarely,Food and cooking,Educational,Well known individuals,Shorter,Satisfied
20-35,Female,1 year to 2 years,Smartphone,,No,None,Music,Electronic/Dance,Night,Relaxation and stress relief,leisure time,Playlists,5.0,Rarely,Comedy,Interview,Well known individuals,Shorter,Satisfied
20-35,Female,1 year to 2 years,Smartphone,Free (ad-supported),No,None,Music,Melody,Morning,Relaxation and stress relief,While Traveling,Playlists,4.0,Rarely,Lifestyle and Health,,Both,Shorter,Ok
20-35,Female,6 months to 1 year,Smartphone,Free (ad-supported),Yes,Student Plan-Rs 59/month,Music,Pop,Night,Uplifting and motivational,"While Traveling, leisure time","Playlists, Radio",4.0,Never,None,None,None,None,Ok
20-35,Male,1 year to 2 years,Smartphone,Free (ad-supported),No,None,Music,Melody,Night,Relaxation and stress relief,leisure time,Playlists,3.0,Rarely,Lifestyle and Health,Educational,Well known individuals,Both,Satisfied
20-35,Male,Less than 6 months,Smartphone,Free (ad-supported),No,,Music,Melody,Night,"Relaxation and stress relief, Sadness or melancholy, Social gatherings or parties","Office hours, While Traveling","recommendations, Playlists",1.0,Never,None,None,None,None,Ok
20-35,Female,1 year to 2 years,Smartphone,Free (ad-supported),No,None,Music,Pop,Night,"Relaxation and stress relief, Uplifting and motivational","Office hours, Study Hours, While Traveling, leisure time","recommendations, Playlists",3.0,Rarely,Lifestyle and Health,Story telling,Well known individuals,Shorter,Ok
20-35,Female,More than 2 years,Smartphone,Free (ad-supported),No,None,Music,Pop,Night,"Relaxation and stress relief, Uplifting and motivational, Sadness or melancholy, Social gatherings or parties","While Traveling, Workout session, leisure time","recommendations, Playlists, Others",4.0,,None,None,None,None,Ok
20-35,Female,Less than 6 months,Smartphone,Premium (paid subscription),Yes,None,Music,Melody,Night,"Relaxation and stress relief, Sadness or melancholy",While Traveling,"recommendations, Playlists",5.0,Rarely,Comedy,Conversational,Well known individuals,Shorter,Satisfied
20-35,Male,6 months to 1 year,"Smartphone, Computer or laptop",Free (ad-supported),Yes,Student Plan-Rs 59/month,Music,classical,Morning,Relaxation and stress relief,"Study Hours, While Traveling, leisure time","recommendations, Playlists",4.0,Never,None,None,None,None,Ok
20-35,Male,More than 2 years,"Smartphone, Computer or laptop",Free (ad-supported),No,None,,Melody,Night,"Relaxation and stress relief, Uplifting and motivational","While Traveling, leisure time","recommendations, Playlists",3.0,Rarely,Comedy,Interview,Well known individuals,Shorter,Ok
20-35,Male,1 year to 2 years,Smartphone,Free (ad-supported),No,None,Music,Melody,Afternoon,"Relaxation and stress relief, Uplifting and motivational, Sadness or melancholy","While Traveling, Workout session","recommendations, Playlists",4.0,Never,None,None,None,None,Ok
20-35,Female,1 year to 2 years,Smartphone,Free (ad-supported),No,None,Music,Melody,Night,Relaxation and stress relief,leisure time,Playlists,5.0,Daily,Comedy,Conversational,Well known individuals,Both,Very Satisfied
20-35,Female,More than 2 years,Smartphone,Free (ad-supported),No,None,Music,Melody,Night,"Relaxation and stress relief, Social gatherings or parties","While Traveling, Workout session, leisure time","recommendations, Playlists",5.0,Rarely,Lifestyle and Health,Story telling,Both,Both,Satisfied
20-35,Female,More than 2 years,Smartphone,Free (ad-supported),No,None,Music,Melody,Night,Relaxation and stress relief,While Traveling,Playlists,5.0,Rarely,Lifestyle and Health,Story telling,Both,Shorter,Ok
20-35,Male,More than 2 years,"Smartphone, Computer or laptop",Free (ad-supported),No,None,Music,classical,Night,,"Study Hours, While Traveling, Workout session, leisure time","recommendations, Playlists, Others",4.0,Once a week,Health and Fitness,Interview,Well known individuals,Shorter,Satisfied
20-35,Female,6 months to 1 year,Smartphone,Free (ad-supported),Yes,Individual Plan- Rs 119/ month,Music,classical,Night,"Relaxation and stress relief, Uplifting and motivational",leisure time,"recommendations, Playlists",4.0,Never,None,None,None,None,Ok
20-35,Female,6 months to 1 year,Smartphone,Free (ad-supported),No,None,Music,Melody,Night,Relaxation and stress relief,leisure time,Playlists,3.0,Never,None,None,None,None,Ok
20-35,Female,Less than 6 months,Smartphone,Free (ad-supported),Yes,Student Plan-Rs 59/month,Music,Melody,Night,Relaxation and stress relief,"Study Hours, While Traveling",Playlists,5.0,Rarely,Comedy,Story telling,Both,Shorter,Very Satisfied
20-35,Male,More than 2 years,Smartphone,Free (ad-supported),No,None,Music,Melody,Night,"Relaxation and stress relief, Uplifting and motivational, Sadness or melancholy, Social gatherings or parties","While Traveling, Workout session",Playlists,5.0,Never,None,None,Both,None,Dissatisfied
20-35,Male,1 year to 2 years,Smartphone,Free (ad-supported),No,None,Music,classical,Night,,"Office hours, While Traveling, Workout session",Playlists,5.0,Never,None,None,None,None,Satisfied
20-35,Female,6 months to 1 year,Smartphone,Free (ad-supported),No,None,,Melody,Night,Relaxation and stress relief,"While Traveling, leisure time",recommendations,3.0,Never,None,None,None,None,Ok
20-35,Female,1 year to 2 years,Smartphone,Free (ad-supported),No,None,Music,Melody,Morning,Relaxation and stress relief,While Traveling,Others,4.0,Never,None,None,None,None,Ok
20-35,Female,More than 2 years,Computer or laptop,Free (ad-supported),No,None,Music,Melody,Night,Relaxation and stress relief,leisure time,Playlists,5.0,Rarely,Lifestyle and Health,Interview,Well known individuals,Shorter,Satisfied
20-35,Male,More than 2 years,Smartphone,Premium (paid subscription),Yes,Individual Plan- Rs 119/ month,Music,Pop,Night,Relaxation and stress relief,While Traveling,"recommendations, Radio",,Daily,Lifestyle and Health,Educational,Well known individuals,Shorter,Very Satisfied
20-35,Male,1 year to 2 years,Smartphone,Free (ad-supported),No,Student Plan-Rs 59/month,Music,Rock,Night,Relaxation and stress relief,leisure time,recommendations,2.0,Rarely,Comedy,Conversational,Well known individuals,Both,Ok
20-35,Female,More than 2 years,"Smartphone, Computer or laptop, Smart speakers or voice assistants, Wearable devices",Free (ad-supported),Yes,Student Plan-Rs 59/month,Music,Melody,Night,"Relaxation and stress relief, Uplifting and motivational","Office hours, leisure time",recommendations,5.0,Several times a week,Lifestyle and Health,Conversational,Both,Shorter,Ok
20-35,Female,Less than 6 months,Smartphone,Free (ad-supported),No,Student Plan-Rs 59/month,Music,Melody,Night,Relaxation and stress relief,Workout session,Others,2.0,Rarely,Lifestyle and Health,Conversational,Both,Shorter,Dissatisfied
20-35,Female,Less than 6 months,Smartphone,Free (ad-supported),No,Student Plan-Rs 59/month,Podcast,Melody,Afternoon,Relaxation and stress relief,leisure time,recommendations,5.0,Once a week,Health and Fitness,Conversational,Both,Shorter,Satisfied
20-35,Female,Less than 6 months,Smartphone,,No,None,Music,Melody,Night,Relaxation and stress relief,leisure time,recommendations,3.0,Never,Food and cooking,None,None,None,Ok
20-35,Female,More than 2 years,Smartphone,Free (ad-supported),Yes,Individual Plan- Rs 119/ month,Music,Melody,Night,,"While Traveling, leisure time","recommendations, Playlists",5.0,Never,None,None,None,None,Ok
20-35,Female,1 year to 2 years,Smartphone,Free (ad-supported),No,Student Plan-Rs 59/month,Music,Melody,Night,Relaxation and stress relief,While Traveling,Playlists,3.0,,None,Educational,unknown Podcasters,Shorter,Ok
20-35,Female,1 year to 2 years,Smartphone,Free (ad-supported),,Family Plan-Rs 179/month,Music,Rap,Afternoon,"Relaxation and stress relief, Uplifting and motivational",While Traveling,Others,4.0,Daily,None,Story telling,unknown Podcasters,Longer,Satisfied
20-35,Male,,Smartphone,Free (ad-supported),No,Individual Plan- Rs 119/ month,Music,Melody,Morning,Relaxation and stress relief,"Office hours, Workout session",Others,3.0,Never,None,None,None,None,Very Dissatisfied
20-35,Male,1 year to 2 years,Smartphone,Free (ad-supported),No,Student Plan-Rs 59/month,Music,Pop,Night,Relaxation and stress relief,While Traveling,recommendations,4.0,Never,None,None,None,None,Ok
20-35,Male,1 year to 2 years,Smartphone,Free (ad-supported),No,None,Music,Melody,Morning,Relaxation and stress relief,Workout session,recommendations,4.0,Daily,Sports,None,Both,Shorter,Satisfied
20-35,Male,More than 2 years,Smartphone,Free (ad-supported),No,Student Plan-Rs 59/month,Music,Melody,Morning,"Relaxation and stress relief, Sadness or melancholy",While Traveling,Playlists,4.0,Rarely,None,Interview,Well known individuals,Longer,Satisfied
20-35,Female,1 year to 2 years,Smartphone,Free (ad-supported),No,Student Plan-Rs 59/month,Music,Pop,Night,"Relaxation and stress relief, Sadness or melancholy",While Traveling,Playlists,5.0,Once a week,Comedy,Story telling,Both,Both,Very Satisfied
20-35,Female,6 months to 1 year,Smartphone,Free (ad-supported),Yes,Individual Plan- Rs 119/ month,,Melody,Night,Relaxation and stress relief,"Study Hours, While Traveling, leisure time","recommendations, Playlists",4.0,Rarely,Comedy,Story telling,Both,Shorter,Satisfied
20-35,Female,Less than 6 months,Smartphone,Premium (paid subscription),No,Duo plan- Rs 149/month,Music,Melody,Night,Relaxation and stress relief,While Traveling,Playlists,5.0,Never,None,None,None,None,Very Dissatisfied
20-35,Female,More than 2 years,Smartphone,Free (ad-supported),No,Duo plan- Rs 149/month,Music,classical,Night,Uplifting and motivational,"While Traveling, Workout session",recommendations,4.0,Several times a week,Comedy,Story telling,Both,Shorter,Satisfied
20-35,Female,1 year to 2 years,Smartphone,Free (ad-supported),Yes,Individual Plan- Rs 119/ month,Music,Melody,Night,"Relaxation and stress relief, Sadness or melancholy","While Traveling, Workout session, leisure time","recommendations, Playlists",4.0,Several times a week,Health and Fitness,Story telling,Well known individuals,Shorter,Very Satisfied
20-35,Female,More than 2 years,Smartphone,Free (ad-supported),No,None,Music,Melody,Night,Sadness or melancholy,leisure time,Playlists,2.0,Never,None,None,Well known individuals,Shorter,Satisfied
20-35,Female,,"Smartphone, Wearable devices",Free (ad-supported),Yes,Duo plan- Rs 149/month,Music,All,Night,Uplifting and motivational,leisure time,"recommendations, Playlists",5.0,Once a week,Dance and Relevant cases ,Conversational,unknown Podcasters,Shorter,Satisfied
20-35,Female,6 months to 1 year,Smartphone,Free (ad-supported),No,None,Music,Melody,Afternoon,Relaxation and stress relief,Workout session,Playlists,5.0,Once a week,Comedy,Interview,Well known individuals,Shorter,Ok
20-35,Female,,Smartphone,Free (ad-supported),No,Student Plan-Rs 59/month,Music,Melody,,"Relaxation and stress relief, Uplifting and motivational","Office hours, Workout session",Others,5.0,Never,None,Conversational,Well known individuals,Shorter,Ok
20-35,Female,1 year to 2 years,Smartphone,Free (ad-supported),No,None,Music,Melody,Night,Relaxation and stress relief,While Traveling,recommendations,4.0,Never,Comedy,Story telling,Well known individuals,Shorter,Ok
20-35,Female,6 months to 1 year,Smartphone,Free (ad-supported),No,Individual Plan- Rs 119/ month,Music,Melody,Night,Relaxation and stress relief,While Traveling,recommendations,4.0,Rarely,Comedy,Story telling,Both,Shorter,Satisfied
20-35,Female,More than 2 years,Smartphone,,Yes,Individual Plan- Rs 119/ month,Music,Pop,Night,"Relaxation and stress relief, Sadness or melancholy","While Traveling, leisure time","recommendations, Playlists",5.0,Rarely,Lifestyle and Health,Conversational,Well known individuals,Shorter,Ok
12-20,Male,6 months to 1 year,Smartphone,Free (ad-supported),No,Student Plan-Rs 59/month,Music,classical,Night,Social gatherings or parties,leisure time,Playlists,3.0,Never,None,None,None,None,Very Dissatisfied
12-20,Male,6 months to 1 year,Smartphone,Free (ad-supported),No,,Music,classical,Night,Social gatherings or parties,leisure time,"recommendations, Others",3.0,Never,None,None,None,None,Very Dissatisfied
20-35,Female,More than 2 years,Smartphone,Premium (paid subscription),Yes,Student Plan-Rs 59/month,Music,Melody,Night,Relaxation and stress relief,While Traveling,recommendations,3.0,Rarely,Lifestyle and Health,Educational,Both,Shorter,Satisfied
20-35,Female,More than 2 years,Smartphone,Free (ad-supported),No,Duo plan- Rs 149/month,Music,Melody,Night,Relaxation and stress relief,Study Hours,Playlists,5.0,Rarely,Comedy,Story telling,Both,Both,Satisfied
20-35,Male,,"Smartphone, Computer or laptop",Free (ad-supported),No,None,Music,Pop,Night,Relaxation and stress relief,"Office hours, Workout session",recommendations,5.0,Several times a week,Sports,None,,Both,Very Satisfied
20-35,Male,1 year to 2 years,"Smartphone, Computer or laptop",Premium (paid subscription),Yes,Individual Plan- Rs 119/ month,Music,Melody,Afternoon,Relaxation and stress relief,,"recommendations, Playlists, Others",3.0,Rarely,Technology,Educational,Both,Shorter,Ok
20-35,Female,Less than 6 months,Wearable devices,,No,Individual Plan- Rs 119/ month,Music,Melody,Morning,Relaxation and stress relief,While Traveling,recommendations,3.0,Never,None,None,None,None,Ok
20-35,Female,1 year to 2 years,"Smartphone, Computer or laptop, Smart speakers or voice assistants, Wearable devices",Free (ad-supported),No,Student Plan-Rs 59/month,Music,Melody,Morning,"Relaxation and stress relief, Uplifting and motivational, Sadness or melancholy, Social gatherings or parties","While Traveling, Workout session, leisure time","recommendations, Playlists",4.0,Rarely,Health and Fitness,Conversational,Well known individuals,Shorter,Satisfied
20-35,Female,More than 2 years,Smartphone,Free (ad-supported),No,Student Plan-Rs 59/month,Podcast,classical,Night,"Relaxation and stress relief, Uplifting and motivational, Social gatherings or parties","While Traveling, leisure time","recommendations, Playlists, Others",3.0,Once a week,General knowledge ,Story telling,Both,Both,Satisfied
,Female,More than 2 years,,Free (ad-supported),No,None,Music,Pop,Night,"Relaxation and stress relief, Uplifting and motivational, Sadness or melancholy, Social gatherings or parties","Office hours, Study Hours, While Traveling, Workout session, leisure time","Playlists, Radio",3.0,Rarely,Lifestyle and Health,Story telling,Well known individuals,Shorter,Ok
20-35,Male,More than 2 years,Smartphone,Free (ad-supported),No,Duo plan- Rs 149/month,Music,All,Night,"Relaxation and stress relief, Uplifting and motivational, Social gatherings or parties",Random ,"recommendations, Others",5.0,Rarely,None,None,None,None,Ok
20-35,Female,1 year to 2 years,Smartphone,Free (ad-supported),No,Student Plan-Rs 59/month,Music,Pop,Morning,"Uplifting and motivational, Sadness or melancholy","Office hours, While Traveling, Workout session",recommendations,3.0,Never,None,Educational,Both,Shorter,Ok
20-35,Female,1 year to 2 years,Smartphone,Free (ad-supported),Yes,Individual Plan- Rs 119/ month,Music,Melody,Morning,Relaxation and stress relief,Workout session,Playlists,4.0,Rarely,Health and Fitness,Educational,Well known individuals,Longer,Satisfied
20-35,Female,1 year to 2 years,"Smartphone, Computer or laptop",Free (ad-supported),No,Individual Plan- Rs 119/ month,Music,Melody,Night,"Relaxation and stress relief, Social gatherings or parties","While Traveling, Workout session, leisure time","Playlists, Others",4.0,Rarely,None,Story telling,Both,Both,Ok
20-35,Male,6 months to 1 year,Smartphone,Free (ad-supported),No,Individual Plan- Rs 119/ month,Music,Rap,Morning,Relaxation and stress relief,Office hours,recommendations,4.0,Never,None,None,None,None,Ok
20-35,Female,More than 2 years,Smartphone,Free (ad-supported),No,Duo plan- Rs 149/month,Music,Pop,Morning,Relaxation and stress relief,While Traveling,Playlists,3.0,Rarely,Lifestyle and Health,Conversational,unknown Podcasters,Shorter,Ok
12-20,Male,More than 2 years,"Smartphone, Computer or laptop, Smart speakers or voice assistants, Wearable devices",Premium (paid subscription),Yes,Family Plan-Rs 179/month,Music,Pop,Night,"Relaxation and stress relief, Uplifting and motivational, Sadness or melancholy","Office hours, Study Hours, While Traveling, Workout session, leisure time","recommendations, Playlists, Others",3.0,Once a week,Comedy,Conversational,Both,Both,Satisfied
20-35,Female,6 months to 1 year,Smartphone,Free (ad-supported),No,Student Plan-Rs 59/month,Music,Melody,Night,"Relaxation and stress relief, Uplifting and motivational, Sadness or melancholy","While Traveling, Workout session, leisure time","recommendations, Playlists",2.0,Never,None,Story telling,None,Shorter,Very Dissatisfied
20-35,Female,More than 2 years,Smartphone,Free (ad-supported),No,None,Music,Electronic/Dance,Night,,,"recommendations, Playlists",5.0,Daily,Sports,Conversational,Both,,Very Satisfied
20-35,Female,Less than 6 months,Smartphone,Free (ad-supported),Yes,Duo plan- Rs 149/month,,Pop,Night,Relaxation and stress relief,leisure time,Playlists,5.0,Once a week,Lifestyle and Health,Interview,Both,Shorter,Dissatisfied
20-35,Female,More than 2 years,,Free (ad-supported),No,None,Music,Kpop,Night,Uplifting and motivational,"Study Hours, Workout session, leisure time",Others,5.0,Rarely,Spiritual and devotional,Story telling,Both,Shorter,Satisfied
20-35,Female,6 months to 1 year,Smartphone,Free (ad-supported),No,Student Plan-Rs 59/month,Music,Melody,Night,Relaxation and stress relief,"Study Hours, While Traveling",recommendations,5.0,Several times a week,None,None,None,Both,Satisfied
20-35,Female,1 year to 2 years,"Smartphone, Computer or laptop",Free (ad-supported),No,Student Plan-Rs 59/month,Music,Melody,Afternoon,"Relaxation and stress relief, Uplifting and motivational, Social gatherings or parties","While Traveling, Workout session, leisure time",Others,3.0,Rarely,Comedy,Interview,Well known individuals,Both,Satisfied
20-35,Female,More than 2 years,Smartphone,Free (ad-supported),No,None,Music,Melody,Afternoon,Relaxation and stress relief,"While Traveling, Workout session, leisure time","recommendations, Playlists",3.0,Rarely,Comedy,Conversational,Both,Shorter,Satisfied
20-35,Female,1 year to 2 years,Smartphone,Free (ad-supported),Yes,Student Plan-Rs 59/month,Music,Melody,Morning,Relaxation and stress relief,While Traveling,recommendations,3.0,Rarely,Comedy,Conversational,Both,Shorter,Ok
20-35,Female,1 year to 2 years,Smartphone,Free (ad-supported),No,Student Plan-Rs 59/month,Music,Pop,Afternoon,Social gatherings or parties,While Traveling,recommendations,4.0,Rarely,Comedy,Conversational,unknown Podcasters,Shorter,Satisfied
20-35,Female,Less than 6 months,,Free (ad-supported),No,None,Music,Melody,Night,Relaxation and stress relief,"While Traveling, leisure time",Playlists,4.0,Several times a week,Comedy,Story telling,Both,Shorter,Ok
20-35,Female,More than 2 years,"Smartphone, Computer or laptop",Free (ad-supported),No,None,Music,Melody,Night,"Relaxation and stress relief, Uplifting and motivational, Sadness or melancholy, Social gatherings or parties","While Traveling, Workout session, leisure time",Others,3.0,Never,None,None,None,None,Ok
20-35,Female,6 months to 1 year,Computer or laptop,Free (ad-supported),Yes,Individual Plan- Rs 119/ month,Podcast,classical,Morning,Uplifting and motivational,Workout session,Playlists,1.0,Several times a week,Lifestyle and Health,Educational,Well known individuals,Both,Satisfied
12-20,Female,6 months to 1 year,Computer or laptop,Premium (paid subscription),Yes,Duo plan- Rs 149/month,Podcast,classical,Afternoon,Sadness or melancholy,While Traveling,Radio,3.0,Once a week,Sports,Story telling,unknown Podcasters,Both,Ok
20-35,Female,6 months to 1 year,Computer or laptop,Free (ad-supported),Yes,Duo plan- Rs 149/month,Podcast,,Afternoon,Sadness or melancholy,While Traveling,Radio,3.0,Once a week,Sports,Interview,Well known individuals,Longer,Ok
12-20,Female,1 year to 2 years,Computer or laptop,Free (ad-supported),Yes,Individual Plan- Rs 119/ month,Podcast,Rap,Afternoon,Sadness or melancholy,Study Hours,Radio,3.0,Once a week,Health and Fitness,Interview,unknown Podcasters,Longer,Satisfied
20-35,Female,6 months to 1 year,Computer or laptop,Free (ad-supported),Yes,Individual Plan- Rs 119/ month,Podcast,classical,Afternoon,Sadness or melancholy,While Traveling,Playlists,2.0,Several times a week,Health and Fitness,Interview,unknown Podcasters,Both,Ok
20-35,Female,6 months to 1 year,Computer or laptop,Free (ad-supported),Yes,Duo plan- Rs 149/month,Music,Rap,Morning,Uplifting and motivational,While Traveling,Radio,3.0,Once a week,Lifestyle and Health,Interview,unknown Podcasters,Longer,Satisfied
12-20,Female,6 months to 1 year,Smart speakers or voice assistants,Premium (paid subscription),Yes,Duo plan- Rs 149/month,Podcast,classical,Morning,Uplifting and motivational,Study Hours,Radio,3.0,Several times a week,Health and Fitness,Interview,unknown Podcasters,Longer,Satisfied
12-20,Female,1 year to 2 years,Smartphone,Free (ad-supported),Yes,Student Plan-Rs 59/month,Music,Melody,Night,Relaxation and stress relief,"While Traveling, Workout session, leisure time",Others,5.0,Daily,Health and Fitness,Educational,Well known individuals,Shorter,Very Satisfied
12-20,Female,6 months to 1 year,Computer or laptop,Free (ad-supported),Yes,Duo plan- Rs 149/month,Podcast,Rap,Morning,Sadness or melancholy,Workout session,Playlists,4.0,Several times a week,,Interview,Well known individuals,Longer,Satisfied
20-35,Female,1 year to 2 years,Smart speakers or voice assistants,Free (ad-supported),Yes,Duo plan- Rs 149/month,Podcast,classical,Afternoon,Sadness or melancholy,Workout session,Radio,2.0,Once a week,Health and Fitness,Story telling,unknown Podcasters,Longer,Ok
20-35,Female,1 year to 2 years,Smart speakers or voice assistants,,Yes,Duo plan- Rs 149/month,Music,classical,Afternoon,Sadness or melancholy,"Study Hours, While Traveling, leisure time","Playlists, Others",2.0,Once a week,Health and Fitness,Story telling,unknown Podcasters,Both,Satisfied
20-35,Female,,"Computer or laptop, Wearable devices",Premium (paid subscription),Yes,Duo plan- Rs 149/month,Podcast,Rap,Morning,,"While Traveling, Workout session, leisure time","Playlists, Radio, Others",2.0,Several times a week,Health and Fitness,Interview,unknown Podcasters,Longer,Satisfied
,,1 year to 2 years,"Computer or laptop, Smart speakers or voice assistants",Premium (paid subscription),Yes,Individual Plan- Rs 119/ month,Podcast,Pop,Afternoon,"Uplifting and motivational, Sadness or melancholy","Study Hours, While Traveling, Workout session","Playlists, Radio",3.0,Several times a week,Health and Fitness,Story telling,Both,Longer,Satisfied
20-35,Others,1 year to 2 years,Computer or laptop,Free (ad-supported),Yes,Family Plan-Rs 179/month,Podcast,classical,Afternoon,Uplifting and motivational,"Study Hours, While Traveling, Workout session","Playlists, Radio, Others",3.0,Once a week,Sports,Interview,unknown Podcasters,Shorter,Ok
20-35,Female,6 months to 1 year,"Smartphone, Computer or laptop, Smart speakers or voice assistants",Premium (paid subscription),No,Duo plan- Rs 149/month,Podcast,classical,Morning,"Uplifting and motivational, Sadness or melancholy","Office hours, Study Hours, While Traveling","Playlists, Others",2.0,Several times a week,Health and Fitness,Interview,unknown Podcasters,Longer,Very Satisfied
20-35,Female,1 year to 2 years,"Computer or laptop, Smart speakers or voice assistants, Wearable devices",Free (ad-supported),No,Duo plan- Rs 149/month,Music,Melody,Night,"Relaxation and stress relief, Sadness or melancholy","Study Hours, While Traveling, Workout session","Playlists, Others",3.0,Once a week,Sports,Interview,unknown Podcasters,Both,Ok
20-35,Female,1 year to 2 years,,Premium (paid subscription),No,Family Plan-Rs 179/month,Podcast,classical,Afternoon,"Uplifting and motivational, Sadness or melancholy","Study Hours, While Traveling, Workout session","Playlists, Radio",3.0,Several times a week,Health and Fitness,Story telling,unknown Podcasters,Longer,Satisfied
20-35,Female,6 months to 1 year,"Computer or laptop, Smart speakers or voice assistants, Wearable devices",Premium (paid subscription),Yes,,Music,classical,Morning,"Uplifting and motivational, Sadness or melancholy, Social gatherings or parties","Office hours, Study Hours, Workout session","recommendations, Playlists, Radio",3.0,Several times a week,Health and Fitness,Story telling,unknown Podcasters,Longer,Satisfied
12-20,Female,6 months to 1 year,,Premium (paid subscription),,Individual Plan- Rs 119/ month,Podcast,Rap,Afternoon,"Relaxation and stress relief, Sadness or melancholy","Office hours, Study Hours, While Traveling","recommendations, Radio, Others",2.0,Several times a week,Health and Fitness,Story telling,Both,Longer,Ok
12-20,Female,6 months to 1 year,Smart speakers or voice assistants,Free (ad-supported),No,Duo plan- Rs 149/month,Podcast,classical,Afternoon,Social gatherings or parties,"Study Hours, While Traveling",Radio,3.0,Rarely,Sports,Conversational,unknown Podcasters,Longer,Ok
20-35,Female,6 months to 1 year,"Computer or laptop, Smart speakers or voice assistants",Free (ad-supported),Yes,Family Plan-Rs 179/month,Music,classical,Afternoon,Sadness or melancholy,While Traveling,"Playlists, Radio",3.0,Once a week,,Story telling,unknown Podcasters,Longer,Ok
35-60,Female,1 year to 2 years,"Computer or laptop, Smart speakers or voice assistants",Free (ad-supported),No,Family Plan-Rs 179/month,Music,classical,Morning,Uplifting and motivational,While Traveling,Radio,,,Health and Fitness,Story telling,unknown Podcasters,Both,Ok
35-60,Female,Less than 6 months,"Smartphone, Computer or laptop",Premium (paid subscription),No,Duo plan- Rs 149/month,Podcast,Pop,Morning,"Relaxation and stress relief, Uplifting and motivational, Sadness or melancholy","Study Hours, While Traveling, Workout session","recommendations, Playlists, Radio",2.0,Once a week,Sports,Interview,unknown Podcasters,Longer,Ok
35-60,Female,6 months to 1 year,"Smart speakers or voice assistants, Wearable devices",Free (ad-supported),No,Duo plan- Rs 149/month,Podcast,Melody,Afternoon,Uplifting and motivational,While Traveling,Playlists,2.0,Several times a week,Health and Fitness,Interview,unknown Podcasters,Longer,Satisfied
20-35,Female,1 year to 2 years,"Computer or laptop, Smart speakers or voice assistants",Premium (paid subscription),Yes,Duo plan- Rs 149/month,Podcast,classical,Afternoon,Sadness or melancholy,Workout session,Playlists,2.0,Several times a week,Health and Fitness,Story telling,Both,Both,Dissatisfied
12-20,Female,6 months to 1 year,"Computer or laptop, Smart speakers or voice assistants",Free (ad-supported),No,Duo plan- Rs 149/month,Music,Melody,Afternoon,"Relaxation and stress relief, Uplifting and motivational, Sadness or melancholy","Study Hours, While Traveling, Workout session",Playlists,3.0,Once a week,Health and Fitness,Interview,Well known individuals,Both,Ok
20-35,Female,6 months to 1 year,Computer or laptop,Premium (paid subscription),No,Family Plan-Rs 179/month,Music,classical,Night,Sadness or melancholy,Workout session,Radio,3.0,Several times a week,Health and Fitness,Story telling,unknown Podcasters,Both,Satisfied
12-20,Female,1 year to 2 years,,Premium (paid subscription),Yes,Duo plan- Rs 149/month,Podcast,Rap,Afternoon,"Relaxation and stress relief, Sadness or melancholy","While Traveling, Workout session",Radio,3.0,Once a week,Health and Fitness,Interview,Both,Longer,Satisfied
20-35,,6 months to 1 year,Smartphone,Free (ad-supported),No,Individual Plan- Rs 119/ month,Music,Melody,Night,Relaxation and stress relief,While Traveling,Others,4.0,Rarely,Health and Fitness,None,Both,Shorter,Ok
35-60,Female,1 year to 2 years,Smart speakers or voice assistants,Premium (paid subscription),Yes,Duo plan- Rs 149/month,Podcast,Rap,Afternoon,Uplifting and motivational,While Traveling,Others,3.0,,Health and Fitness,Interview,unknown Podcasters,Longer,Satisfied
20-35,Female,6 months to 1 year,Computer or laptop,Free (ad-supported),Yes,Individual Plan- Rs 119/ month,Podcast,Rap,Afternoon,"Uplifting and motivational, Sadness or melancholy",,Playlists,3.0,Once a week,Health and Fitness,Story telling,,Both,Satisfied
20-35,Male,1 year to 2 years,Smartphone,Free (ad-supported),No,None,Music,Melody,Night,"Relaxation and stress relief, Uplifting and motivational, Sadness or melancholy","Office hours, While Traveling, Workout session","recommendations,Others, Social media",3.0,Never,Comedy,Conversational,Well known individuals,Longer,Ok
20-35,Female,6 months to 1 year,Computer or laptop,Premium (paid subscription),Yes,Duo plan- Rs 149/month,Music,Rap,Morning,Uplifting and motivational,While Traveling,Radio,2.0,Several times a week,Lifestyle and Health,Educational,unknown Podcasters,Longer,Dissatisfied
20-35,Female,1 year to 2 years,Smart speakers or voice assistants,Premium (paid subscription),No,Family Plan-Rs 179/month,Music,classical,Night,Sadness or melancholy,While Traveling,Others,3.0,Once a week,Health and Fitness,Story telling,unknown Podcasters,Both,Dissatisfied
20-35,Female,6 months to 1 year,Computer or laptop,Free (ad-supported),Yes,Duo plan- Rs 149/month,Podcast,Melody,Afternoon,"Relaxation and stress relief, Uplifting and motivational, Sadness or melancholy","Office hours, Study Hours, While Traveling","Radio, Others",3.0,Several times a week,Lifestyle and Health,Interview,unknown Podcasters,Longer,Satisfied
20-35,Female,1 year to 2 years,"Computer or laptop, Smart speakers or voice assistants",Premium (paid subscription),Yes,Duo plan- Rs 149/month,Podcast,classical,Afternoon,"Relaxation and stress relief, Uplifting and motivational",Office hours,recommendations,2.0,Once a week,Health and Fitness,Story telling,unknown Podcasters,Both,Ok
20-35,Female,1 year to 2 years,Computer or laptop,Premium (paid subscription),No,Duo plan- Rs 149/month,Podcast,Rap,Afternoon,Uplifting and motivational,Workout session,Radio,2.0,Several times a week,Health and Fitness,Interview,unknown Podcasters,Both,Ok
20-35,Female,1 year to 2 years,Smart speakers or voice assistants,Free (ad-supported),Yes,Duo plan- Rs 149/month,Podcast,classical,Afternoon,Sadness or melancholy,"Office hours, While Traveling, Workout session","recommendations, Radio, Others",2.0,Once a week,Lifestyle and Health,,unknown Podcasters,Both,Ok
20-35,Female,6 months to 1 year,"Computer or laptop, Smart speakers or voice assistants",Free (ad-supported),Yes,Duo plan- Rs 149/month,Podcast,,Afternoon,Uplifting and motivational,"Study Hours, While Traveling, Workout session",,4.0,Once a week,Sports,Story telling,unknown Podcasters,Both,Ok
20-35,Female,6 months to 1 year,"Computer or laptop, Wearable devices",Free (ad-supported),No,Duo plan- Rs 149/month,Podcast,Melody,Morning,"Relaxation and stress relief, Uplifting and motivational","Study Hours, Workout session","recommendations, Playlists, Radio",3.0,Several times a week,Health and Fitness,Interview,unknown Podcasters,Longer,Ok
12-20,Female,6 months to 1 year,Computer or laptop,Premium (paid subscription),No,Individual Plan- Rs 119/ month,Music,classical,Afternoon,"Uplifting and motivational, Sadness or melancholy",Workout session,Radio,2.0,Several times a week,Lifestyle and Health,Story telling,Well known individuals,Shorter,Very Satisfied
20-35,Female,6 months to 1 year,"Computer or laptop, Smart speakers or voice assistants",Premium (paid subscription),Yes,Individual Plan- Rs 119/ month,Podcast,Melody,Morning,"Uplifting and motivational, Social gatherings or parties","Office hours, Study Hours, While Traveling","Playlists, Others",3.0,Several times a week,Lifestyle and Health,Story telling,unknown Podcasters,Longer,Very Satisfied
20-35,Others,1 year to 2 years,Computer or laptop,Premium (paid subscription),No,Family Plan-Rs 179/month,Music,classical,Afternoon,Uplifting and motivational,While Traveling,Radio,2.0,Once a week,Sports,Story telling,unknown Podcasters,Longer,Satisfied
12-20,Female,6 months to 1 year,Smart speakers or voice assistants,Free (ad-supported),No,Duo plan- Rs 149/month,Podcast,classical,Afternoon,"Uplifting and motivational, Sadness or melancholy",While Traveling,"Playlists, Radio",3.0,Several times a week,Sports,Story telling,Both,Longer,Ok
20-35,Female,6 months to 1 year,Smart speakers or voice assistants,Premium (paid subscription),No,Family Plan-Rs 179/month,Music,Melody,Afternoon,Sadness or melancholy,While Traveling,Others,2.0,Once a week,Sports,Conversational,Both,Longer,Ok
20-35,Female,1 year to 2 years,Smart speakers or voice assistants,Premium (paid subscription),Yes,Family Plan-Rs 179/month,Podcast,Melody,Afternoon,Sadness or melancholy,Workout session,Others,3.0,Once a week,Health and Fitness,Story telling,unknown Podcasters,Longer,Satisfied
20-35,Female,1 year to 2 years,Smart speakers or voice assistants,Free (ad-supported),,Duo plan- Rs 149/month,Music,Rap,Afternoon,,While Traveling,Radio,3.0,Once a week,Sports,Story telling,unknown Podcasters,Both,Ok
12-20,Female,6 months to 1 year,Computer or laptop,Premium (paid subscription),Yes,Duo plan- Rs 149/month,Podcast,classical,Morning,Sadness or melancholy,While Traveling,Playlists,3.0,Once a week,Sports,Interview,Both,Longer,Ok
12-20,Female,6 months to 1 year,Computer or laptop,Free (ad-supported),Yes,Family Plan-Rs 179/month,Music,classical,Afternoon,Sadness or melancholy,"While Traveling, leisure time",Others,3.0,Once a week,Health and Fitness,Educational,unknown Podcasters,Both,Satisfied
20-35,Female,More than 2 years,Smartphone,Free (ad-supported),No,Student Plan-Rs 59/month,Music,Pop,Night,"Relaxation and stress relief, Social gatherings or parties",leisure time,"Others, Social media",2.0,Rarely,Health and Fitness,Educational,Well known individuals,Shorter,Ok
20-35,Female,1 year to 2 years,Smartphone,Free (ad-supported),No,Individual Plan- Rs 119/ month,Music,Pop,Night,Relaxation and stress relief,leisure time,recommendations,4.0,Never,None,None,None,None,Ok
20-35,Female,More than 2 years,Smartphone,Free (ad-supported),Yes,Individual Plan- Rs 119/ month,Music,Melody,Night,"Relaxation and stress relief, Uplifting and motivational, Sadness or melancholy","While Traveling, leisure time",recommendations,4.0,Several times a week,Lifestyle and Health,Educational,Well known individuals,Shorter,Satisfied
,Female,6 months to 1 year,Smartphone,Free (ad-supported),No,None,Music,Melody,Night,"Relaxation and stress relief, Uplifting and motivational, Social gatherings or parties",leisure time,Playlists,3.0,Never,None,None,None,None,Ok
20-35,Female,Less than 6 months,Smartphone,Free (ad-supported),No,None,Music,classical,,"Relaxation and stress relief, Uplifting and motivational","Study Hours, While Traveling, leisure time","recommendations, Playlists",3.0,Daily,None,None,None,None,Ok
20-35,Female,More than 2 years,Smartphone,Free (ad-supported),No,Student Plan-Rs 59/month,Music,classical,Night,Sadness or melancholy,,Others,3.0,Never,None,None,None,None,Ok
20-35,Female,Less than 6 months,Smartphone,Free (ad-supported),No,None,Music,Melody,Night,Relaxation and stress relief,While Traveling,Playlists,4.0,Several times a week,Comedy,Story telling,unknown Podcasters,Shorter,Very Satisfied
20-35,Female,6 months to 1 year,Smartphone,Free (ad-supported),Yes,Student Plan-Rs 59/month,Music,Melody,Night,"Relaxation and stress relief, Uplifting and motivational, Sadness or melancholy","Office hours, Study Hours, While Traveling","recommendations, Playlists",5.0,Rarely,Lifestyle and Health,Conversational,Well known individuals,Shorter,Ok
20-35,Male,More than 2 years,Smartphone,Free (ad-supported),Yes,Student Plan-Rs 59/month,Music,Pop,Night,Relaxation and stress relief,"While Traveling, Before bed ","recommendations, Playlists",3.0,Never,None,None,None,None,Satisfied
20-35,Female,More than 2 years,Smartphone,Free (ad-supported),Yes,Individual Plan- Rs 119/ month,Music,Melody,Morning,Relaxation and stress relief,"While Traveling, leisure time",recommendations,4.0,Never,None,Story telling,None,None,Ok
20-35,Female,1 year to 2 years,Smartphone,,No,Individual Plan- Rs 119/ month,Music,Pop,Morning,Uplifting and motivational,,Others,3.0,Never,None,None,None,None,Ok
20-35,Female,6 months to 1 year,Smartphone,Free (ad-supported),Yes,Individual Plan- Rs 119/ month,Music,Melody,Night,"Relaxation and stress relief, Uplifting and motivational, Sadness or melancholy","While Traveling, leisure time","recommendations, Others",1.0,Rarely,Finance related and current affairs,Story telling,Both,Shorter,Ok
20-35,Female,6 months to 1 year,"Smartphone, Wearable devices",Free (ad-supported),No,None,Music,Melody,Night,"Relaxation and stress relief, Sadness or melancholy","Office hours, While Traveling, Workout session",Others,4.0,Never,Food and cooking,None,None,None,Ok
20-35,Female,Less than 6 months,Smartphone,Free (ad-supported),No,Student Plan-Rs 59/month,Music,Pop,Afternoon,"Relaxation and stress relief, Uplifting and motivational, Sadness or melancholy","While Traveling, Workout session, leisure time",recommendations,4.0,Rarely,Comedy,None,None,Shorter,Ok
20-35,Female,More than 2 years,Smartphone,Free (ad-supported),No,None,Music,Melody,Night,Relaxation and stress relief,Office hours,Playlists,3.0,Rarely,None,Story telling,Both,Both,Satisfied
20-35,Female,1 year to 2 years,Smartphone,Free (ad-supported),No,Individual Plan- Rs 119/ month,Music,Melody,Night,Relaxation and stress relief,leisure time,"recommendations, Playlists",4.0,Rarely,Comedy,Conversational,Well known individuals,Both,Ok
20-35,Male,More than 2 years,Smartphone,Free (ad-supported),Yes,Individual Plan- Rs 119/ month,Music,Rap,Night,Uplifting and motivational,leisure time,"Playlists, Others",4.0,Rarely,Lifestyle and Health,Educational,Both,Both,Very Satisfied
20-35,Female,More than 2 years,Smartphone,Free (ad-supported),No,Individual Plan- Rs 119/ month,Music,classical,Night,Relaxation and stress relief,Workout session,recommendations,4.0,Rarely,Comedy,Conversational,Both,Shorter,Satisfied
20-35,Female,More than 2 years,Smartphone,Free (ad-supported),No,None,Music,Melody,Night,Relaxation and stress relief,While Traveling,Radio,3.0,Several times a week,None,None,None,None,Ok
12-20,Male,1 year to 2 years,"Smartphone, Computer or laptop",Free (ad-supported),No,None,Music,Melody,Night,"Relaxation and stress relief, Sadness or melancholy","Study Hours, While Traveling",Others,3.0,Never,None,None,None,None,Ok
,Female,More than 2 years,"Smartphone, Wearable devices",Free (ad-supported),No,Duo plan- Rs 149/month,Music,Electronic/Dance,Night,"Relaxation and stress relief, Uplifting and motivational, Sadness or melancholy, Social gatherings or parties","Office hours, Study Hours, While Traveling, Workout session",Playlists,3.0,Once a week,Lifestyle and Health,Story telling,Both,Both,Ok
20-35,Female,Less than 6 months,Smartphone,Premium (paid subscription),Yes,Individual Plan- Rs 119/ month,Music,Melody,Afternoon,Relaxation and stress relief,"Office hours, While Traveling","recommendations, Playlists, Radio",5.0,Rarely,Comedy,Story telling,Both,Shorter,Ok
20-35,Female,More than 2 years,Smartphone,Free (ad-supported),No,Student Plan-Rs 59/month,Music,Pop,,"Relaxation and stress relief, Uplifting and motivational, Sadness or melancholy, Social gatherings or parties","While Traveling, Workout session, leisure time",recommendations,5.0,Rarely,None,None,None,None,Satisfied
20-35,Female,More than 2 years,"Smartphone, Computer or laptop",Free (ad-supported),No,Individual Plan- Rs 119/ month,Music,Pop,Night,"Relaxation and stress relief, Uplifting and motivational","Office hours, While Traveling, leisure time","recommendations, Playlists",4.0,Rarely,Murder Mystery ,Story telling,,Both,Ok
20-35,Female,More than 2 years,Smartphone,Free (ad-supported),No,Student Plan-Rs 59/month,Music,,Night,Relaxation and stress relief,While Traveling,Others,4.0,Never,Health and Fitness,Interview,Well known individuals,Shorter,Ok
20-35,Female,,Smartphone,Free (ad-supported),Yes,None,Music,Melody,Night,Relaxation and stress relief,While Traveling,recommendations,3.0,Rarely,Comedy,,Both,Shorter,Ok
20-35,Female,More than 2 years,Smartphone,,No,Individual Plan- Rs 119/ month,Music,Melody,Morning,Relaxation and stress relief,"Office hours, While Traveling","recommendations, Playlists",4.0,Rarely,Health and Fitness,Story telling,Well known individuals,Shorter,Ok
20-35,Female,1 year to 2 years,"Smartphone, Computer or laptop, Smart speakers or voice assistants, Wearable devices",Premium (paid subscription),Yes,Student Plan-Rs 59/month,Music,Melody,Night,"Relaxation and stress relief, Sadness or melancholy, Social gatherings or parties","Study Hours, While Traveling, leisure time","recommendations, Playlists, Radio",4.0,Rarely,Comedy,,Both,Both,Ok
20-35,Female,More than 2 years,Smartphone,Free (ad-supported),No,Student Plan-Rs 59/month,Music,Pop,Night,Relaxation and stress relief,,Playlists,5.0,Never,None,None,None,None,Dissatisfied
20-35,Female,6 months to 1 year,Smartphone,Free (ad-supported),Yes,Duo plan- Rs 149/month,Music,Melody,Night,Relaxation and stress relief,While Traveling,recommendations,3.0,,Food and cooking,Conversational,Both,Both,Ok
20-35,Female,Less than 6 months,Smartphone,Free (ad-supported),No,Student Plan-Rs 59/month,,Melody,Night,Relaxation and stress relief,leisure time,recommendations,3.0,Rarely,Comedy,Story telling,Both,Shorter,Ok
20-35,Female,More than 2 years,Smartphone,Premium (paid subscription),Yes,Individual Plan- Rs 119/ month,Music,Pop,Night,"Relaxation and stress relief, Uplifting and motivational",,Radio,1.0,Rarely,Lifestyle and Health,Conversational,Both,Both,Ok
20-35,Female,Less than 6 months,Smartphone,Free (ad-supported),No,Student Plan-Rs 59/month,Music,classical,Night,Relaxation and stress relief,"While Traveling, leisure time","recommendations, Playlists, Radio, Others",3.0,Several times a week,Comedy,Story telling,Both,Shorter,Ok
20-35,Female,Less than 6 months,Smartphone,Free (ad-supported),No,Individual Plan- Rs 119/ month,Music,Melody,Night,Social gatherings or parties,While Traveling,"Others, Friends",4.0,Rarely,Comedy,None,None,None,Dissatisfied
20-35,Female,More than 2 years,Smartphone,Free (ad-supported),No,None,Podcast,Melody,Morning,Relaxation and stress relief,While Traveling,"recommendations, Others",5.0,Several times a week,Health and Fitness,Story telling,Both,Both,Ok
20-35,Female,6 months to 1 year,Smartphone,Free (ad-supported),No,None,Music,Melody,Afternoon,Relaxation and stress relief,While Traveling,recommendations,5.0,Rarely,Comedy,,Both,Both,Ok
20-35,Female,More than 2 years,"Smartphone, Wearable devices",Free (ad-supported),No,None,Music,Melody,Night,"Relaxation and stress relief, Sadness or melancholy, Social gatherings or parties","Office hours, Study Hours, While Traveling, leisure time","recommendations, Playlists, Others",3.0,,"Political, informative, topics that interests me",Conversational,Both,Both,Ok
20-35,Female,More than 2 years,"Smartphone, Computer or laptop",Free (ad-supported),No,Student Plan-Rs 59/month,Music,Melody,Night,"Relaxation and stress relief, Social gatherings or parties","While Traveling, Workout session, leisure time",Playlists,4.0,Rarely,Comedy,Story telling,Both,Shorter,Ok
20-35,Female,Less than 6 months,Smartphone,Free (ad-supported),No,None,Music,Pop,Night,"Relaxation and stress relief, Uplifting and motivational, Sadness or melancholy, Social gatherings or parties","Study Hours, While Traveling, Workout session, leisure time","recommendations, Playlists",4.0,Rarely,Lifestyle and Health,Story telling,Well known individuals,Shorter,Ok
20-35,Male,Less than 6 months,Smartphone,Free (ad-supported),Yes,Duo plan- Rs 149/month,Music,Electronic/Dance,Morning,"Relaxation and stress relief, Uplifting and motivational, Sadness or melancholy, Social gatherings or parties","Office hours, Study Hours, While Traveling, Workout session, leisure time","recommendations, Others, Social media",3.0,Rarely,Sports,Educational,Well known individuals,Shorter,Dissatisfied
20-35,Female,1 year to 2 years,Smartphone,Premium (paid subscription),Yes,Individual Plan- Rs 119/ month,Music,Melody,Night,Sadness or melancholy,leisure time,recommendations,3.0,Never,None,Conversational,Well known individuals,Shorter,Satisfied
20-35,Male,More than 2 years,Smartphone,Free (ad-supported),No,Student Plan-Rs 59/month,Music,classical,Night,Relaxation and stress relief,While Traveling,"recommendations, Playlists",4.0,Never,None,None,None,None,Ok
60+,Female,1 year to 2 years,Smartphone,Free (ad-supported),No,Duo plan- Rs 149/month,Music,Melody,Night,Relaxation and stress relief,"Office hours, While Traveling, leisure time","recommendations, Playlists",4.0,Rarely,Comedy,Story telling,Both,Shorter,Satisfied
20-35,Female,More than 2 years,"Smartphone, Computer or laptop, Smart speakers or voice assistants, Wearable devices",Free (ad-supported),No,,Music,Pop,Afternoon,"Relaxation and stress relief, Uplifting and motivational, Social gatherings or parties","Office hours, While Traveling, Workout session, leisure time","recommendations, Playlists",5.0,Never,None,None,None,None,Ok
20-35,Male,More than 2 years,Smartphone,Free (ad-supported),No,None,Music,Pop,Night,"Relaxation and stress relief, Social gatherings or parties","Office hours, While Traveling","recommendations, Playlists",5.0,Rarely,Lifestyle and Health,Conversational,Well known individuals,Both,Satisfied
20-35,Female,6 months to 1 year,Smartphone,Free (ad-supported),Yes,Student Plan-Rs 59/month,Music,Melody,,Relaxation and stress relief,While Traveling,Playlists,4.0,Never,None,None,None,None,Ok
20-35,Female,Less than 6 months,Smartphone,Free (ad-supported),No,Student Plan-Rs 59/month,Music,Melody,Night,"Relaxation and stress relief, Uplifting and motivational, Sadness or melancholy","While Traveling, leisure time","recommendations, Playlists, Radio",3.0,Rarely,Comedy,Conversational,Both,Shorter,Satisfied
20-35,Female,Less than 6 months,Smartphone,Free (ad-supported),No,Individual Plan- Rs 119/ month,Music,Melody,Night,Relaxation and stress relief,While Traveling,Playlists,4.0,Rarely,Lifestyle and Health,Interview,Well known individuals,Shorter,Satisfied
20-35,Female,6 months to 1 year,Smartphone,Free (ad-supported),No,Individual Plan- Rs 119/ month,Music,Kpop,Night,"Relaxation and stress relief, Sadness or melancholy",leisure time,Playlists,3.0,Never,None,None,None,None,Ok
20-35,Female,More than 2 years,Smartphone,Free (ad-supported),No,Student Plan-Rs 59/month,Music,All,Night,"Relaxation and stress relief, Uplifting and motivational","While Traveling, leisure time","recommendations, Radio",4.0,Never,None,None,None,None,Ok
12-20,Male,More than 2 years,"Smartphone, Wearable devices",Free (ad-supported),No,Student Plan-Rs 59/month,Music,Pop,Morning,Relaxation and stress relief,While Traveling,Playlists,4.0,Rarely,Sports,Interview,Both,Shorter,Ok
20-35,,1 year to 2 years,Smartphone,Free (ad-supported),No,Student Plan-Rs 59/month,Music,Pop,Afternoon,"Relaxation and stress relief, Uplifting and motivational, Sadness or melancholy","While Traveling, Workout session","recommendations, Playlists",3.0,Never,None,None,None,None,Satisfied
20-35,Female,6 months to 1 year,Smartphone,Free (ad-supported),No,Family Plan-Rs 179/month,Music,Melody,Night,"Relaxation and stress relief, Social gatherings or parties","Office hours, Study Hours, While Traveling, leisure time","recommendations, Playlists",3.0,Rarely,Comedy,Conversational,Well known individuals,Shorter,Ok
20-35,Female,Less than 6 months,"Smartphone, Smart speakers or voice assistants, Wearable devices",Free (ad-supported),No,Student Plan-Rs 59/month,Music,Melody,Night,"Relaxation and stress relief, Uplifting and motivational, Sadness or melancholy, Social gatherings or parties","Study Hours, While Traveling, leisure time","recommendations, Radio",4.0,Rarely,Novels,Story telling,Both,Both,Satisfied
20-35,Female,More than 2 years,Smartphone,Free (ad-supported),Yes,Student Plan-Rs 59/month,Music,Melody,Night,"Relaxation and stress relief, Sadness or melancholy","While Traveling, leisure time","Playlists, Others",3.0,Rarely,Lifestyle and Health,Conversational,Both,Shorter,Satisfied
20-35,Female,1 year to 2 years,Smartphone,Free (ad-supported),No,Individual Plan- Rs 119/ month,Music,Melody,Afternoon,"Relaxation and stress relief, Uplifting and motivational",leisure time,recommendations,3.0,Rarely,Food and cooking,Conversational,unknown Podcasters,Shorter,Ok
20-35,Female,Less than 6 months,Smartphone,Free (ad-supported),No,Student Plan-Rs 59/month,Music,Melody,Night,Uplifting and motivational,leisure time,Others,4.0,Rarely,Lifestyle and Health,Story telling,Well known individuals,Shorter,Satisfied
20-35,Female,1 year to 2 years,Smartphone,,No,None,Music,Pop,Night,"Relaxation and stress relief, Uplifting and motivational","While Traveling, leisure time","recommendations, Playlists",3.0,Rarely,None,Conversational,Both,Shorter,Satisfied
20-35,Female,More than 2 years,"Smartphone, Smart speakers or voice assistants",Free (ad-supported),Yes,Family Plan-Rs 179/month,Music,Melody,Night,"Relaxation and stress relief, Uplifting and motivational, Sadness or melancholy, Social gatherings or parties","While Traveling, Workout session, leisure time","recommendations, Playlists, Radio",5.0,Several times a week,Health and Fitness,Story telling,Both,Shorter,Very Satisfied
20-35,Female,1 year to 2 years,Smartphone,Free (ad-supported),No,Individual Plan- Rs 119/ month,Music,Melody,Night,Relaxation and stress relief,While Traveling,recommendations,5.0,Several times a week,Lifestyle and Health,Story telling,Well known individuals,Shorter,Ok
20-35,Male,More than 2 years,Smart speakers or voice assistants,Free (ad-supported),Yes,Student Plan-Rs 59/month,Music,Melody,Night,Relaxation and stress relief,leisure time,recommendations,3.0,Never,None,None,None,None,Very Dissatisfied
20-35,Female,More than 2 years,Smartphone,,Yes,Individual Plan- Rs 119/ month,Music,Pop,Night,"Relaxation and stress relief, Uplifting and motivational, Sadness or melancholy, Social gatherings or parties","Office hours, Study Hours, While Traveling, Workout session, leisure time, ",Playlists,3.0,Rarely,Lifestyle and Health,Conversational,Both,Shorter,Ok
20-35,Female,1 year to 2 years,"Smart speakers or voice assistants, Wearable devices",Free (ad-supported),Yes,Student Plan-Rs 59/month,Music,Melody,Night,"Relaxation and stress relief, Uplifting and motivational",While Traveling,Others,4.0,,Comedy,Story telling,Both,Shorter,Satisfied
12-20,Female,Less than 6 months,Smartphone,Free (ad-supported),No,Student Plan-Rs 59/month,Music,Pop,Night,"Relaxation and stress relief, Uplifting and motivational, Sadness or melancholy, Social gatherings or parties","Study Hours, While Traveling, Workout session, leisure time",Playlists,5.0,Never,None,None,None,None,Satisfied
20-35,Female,More than 2 years,Smartphone,Free (ad-supported),No,None,Music,Melody,Afternoon,Relaxation and stress relief,Office hours,Playlists,3.0,Rarely,Comedy,Story telling,Both,Shorter,Ok
20-35,Female,More than 2 years,"Smartphone, Computer or laptop, Smart speakers or voice assistants, Wearable devices",Free (ad-supported),No,Student Plan-Rs 59/month,Music,Rap,Night,"Relaxation and stress relief, Uplifting and motivational, Sadness or melancholy, Social gatherings or parties","Office hours, Study Hours, While Traveling, Workout session, leisure time","Playlists, Radio, Others",5.0,Never,None,None,None,None,Ok
20-35,Female,Less than 6 months,Smartphone,Free (ad-supported),Yes,,Music,Melody,Night,Relaxation and stress relief,"Office hours, Study Hours, While Traveling, Workout session, leisure time",Playlists,3.0,Rarely,Lifestyle and Health,Interview,,Shorter,Ok
20-35,Female,More than 2 years,"Smartphone, Computer or laptop",Free (ad-supported),No,Student Plan-Rs 59/month,Music,Melody,Night,Relaxation and stress relief,"While Traveling, leisure time",Others,1.0,Never,None,None,Well known individuals,Shorter,Ok
20-35,Female,More than 2 years,Wearable devices,Free (ad-supported),No,Student Plan-Rs 59/month,Music,Melody,Night,Uplifting and motivational,While Traveling,Playlists,4.0,Never,Food and cooking,,Both,Shorter,Ok
20-35,Female,More than 2 years,Smartphone,Free (ad-supported),No,Student Plan-Rs 59/month,Music,Melody,Morning,Uplifting and motivational,leisure time,"recommendations, Playlists",3.0,Several times a week,Lifestyle and Health,Conversational,Both,Longer,Satisfied
20-35,Female,More than 2 years,Smartphone,Free (ad-supported),No,Student Plan-Rs 59/month,Music,Pop,Night,Relaxation and stress relief,While Traveling,recommendations,1.0,,None,Educational,None,Both,Ok
,Female,1 year to 2 years,Smartphone,Free (ad-supported),No,None,Music,Electronic/Dance,Night,Social gatherings or parties,Workout session,Others,2.0,Never,None,None,Well known individuals,Shorter,Ok
20-35,Female,,"Smartphone, Computer or laptop",Free (ad-supported),Yes,Duo plan- Rs 149/month,Music,Melody,Night,"Relaxation and stress relief, Uplifting and motivational, Sadness or melancholy, Social gatherings or parties","Office hours, Study Hours, While Traveling, Workout session, leisure time","recommendations, Others",4.0,Never,None,None,None,None,Ok
20-35,Female,,Smartphone,Premium (paid subscription),Yes,Individual Plan- Rs 119/ month,Music,Melody,Night,Relaxation and stress relief,"Office hours, While Traveling, leisure time",Others,4.0,Rarely,Lifestyle and Health,Story telling,unknown Podcasters,Shorter,Ok
20-35,Female,Less than 6 months,Smartphone,Free (ad-supported),No,Student Plan-Rs 59/month,Music,Melody,Night,"Relaxation and stress relief, Uplifting and motivational, Sadness or melancholy","Office hours, leisure time","recommendations, Playlists, Others",4.0,Rarely,Lifestyle and Health,Conversational,Well known individuals,Shorter,Ok
,Female,More than 2 years,"Smartphone, Computer or laptop",,No,None,Music,Melody,Night,"Relaxation and stress relief, Uplifting and motivational",leisure time,"recommendations, Playlists, Others",3.0,Once a week,Health and Fitness,Conversational,Both,Shorter,Ok
20-35,Female,Less than 6 months,Smartphone,Free (ad-supported),No,None,Music,Melody,Night,Relaxation and stress relief,"While Traveling, leisure time",recommendations,5.0,Once a week,Food and cooking,Conversational,Both,Shorter,Satisfied
20-35,Female,Less than 6 months,Smartphone,Free (ad-supported),No,Student Plan-Rs 59/month,,Melody,Night,Sadness or melancholy,"Office hours, While Traveling",Others,4.0,Never,Food and cooking,Conversational,Both,Shorter,Ok
20-35,Male,More than 2 years,"Smartphone, Computer or laptop",Free (ad-supported),No,Student Plan-Rs 59/month,Music,All,Night,"Uplifting and motivational, Social gatherings or parties",leisure time,"recommendations, Playlists",4.0,Never,Comedy,Story telling,None,None,Ok
20-35,Female,1 year to 2 years,Smartphone,Free (ad-supported),Yes,Duo plan- Rs 149/month,Music,Melody,Night,"Relaxation and stress relief, Uplifting and motivational, Sadness or melancholy, Social gatherings or parties","Study Hours, While Traveling, leisure time","recommendations, Playlists",5.0,Never,None,None,None,None,Satisfied
20-35,Female,,Smartphone,Free (ad-supported),No,None,Music,Melody,Night,"Relaxation and stress relief, Sadness or melancholy",leisure time,recommendations,3.0,Rarely,Comedy,Conversational,Both,Shorter,Ok
20-35,Male,1 year to 2 years,Smartphone,Free (ad-supported),,Student Plan-Rs 59/month,Music,Melody,Afternoon,Relaxation and stress relief,While Traveling,recommendations,3.0,Rarely,Sports,Story telling,Both,,Ok
20-35,Female,1 year to 2 years,"Smartphone, Computer or laptop",Free (ad-supported),No,None,Music,Melody,Night,"Relaxation and stress relief, Uplifting and motivational","While Traveling, Workout session","recommendations, Playlists, Others",4.0,Rarely,Comedy,Story telling,Both,Shorter,Ok
20-35,Female,Less than 6 months,Smartphone,Free (ad-supported),No,None,Music,Melody,Afternoon,Relaxation and stress relief,While Traveling,Playlists,3.0,Never,None,None,None,None,Ok
20-35,Male,Less than 6 months,"Smartphone, Smart speakers or voice assistants",Free (ad-supported),No,Individual Plan- Rs 119/ month,Music,Melody,Night,"Relaxation and stress relief, Uplifting and motivational, Sadness or melancholy, Social gatherings or parties",leisure time,recommendations,3.0,Never,None,None,None,None,Ok
20-35,Female,Less than 6 months,Smartphone,Free (ad-supported),No,Duo plan- Rs 149/month,Podcast,classical,Afternoon,Uplifting and motivational,While Traveling,"recommendations, Playlists",4.0,Once a week,Health and Fitness,Story telling,unknown Podcasters,Both,Ok
20-35,Female,More than 2 years,Smartphone,Free (ad-supported),Yes,Family Plan-Rs 179/month,Music,Melody,Afternoon,Relaxation and stress relief,"Office hours, leisure time",Radio,3.0,Rarely,None,None,None,Shorter,Ok
20-35,Female,1 year to 2 years,Smartphone,Free (ad-supported),No,Individual Plan- Rs 119/ month,Music,Electronic/Dance,Night,Relaxation and stress relief,leisure time,"recommendations, Playlists",4.0,Rarely,None,None,None,None,Ok
20-35,Male,More than 2 years,Smartphone,Free (ad-supported),No,Student Plan-Rs 59/month,Music,Melody,Night,"Relaxation and stress relief, Uplifting and motivational, Sadness or melancholy","Office hours, While Traveling, Workout session, leisure time","recommendations, Playlists",4.0,Rarely,None,None,None,None,Ok
12-20,Female,1 year to 2 years,Smartphone,Free (ad-supported),Yes,Student Plan-Rs 59/month,Music,Melody,Night,Sadness or melancholy,"While Traveling, leisure time",recommendations,3.0,Once a week,Comedy,Story telling,unknown Podcasters,Both,Ok
12-20,Female,6 months to 1 year,Smartphone,Free (ad-supported),No,Student Plan-Rs 59/month,Music,Rap,Morning,Relaxation and stress relief,While Traveling,recommendations,5.0,Daily,Health and Fitness,Story telling,Both,Longer,Very Satisfied
20-35,Female,More than 2 years,Smartphone,Premium (paid subscription),Yes,Individual Plan- Rs 119/ month,Music,Rap,Night,Social gatherings or parties,leisure time,recommendations,4.0,Rarely,None,None,None,None,Ok
20-35,Female,Less than 6 months,"Smartphone, Smart speakers or voice assistants, Wearable devices",Free (ad-supported),No,Student Plan-Rs 59/month,Music,Melody,Night,Relaxation and stress relief,While Traveling,Playlists,4.0,Once a week,Lifestyle and Health,Conversational,Well known individuals,Longer,Satisfied
20-35,Female,6 months to 1 year,Smartphone,Free (ad-supported),No,None,Music,Melody,Afternoon,,Workout session,Playlists,5.0,Several times a week,Comedy,Story telling,Both,Both,Very Satisfied
35-60,Male,,Smartphone,,No,Individual Plan- Rs 119/ month,Music,Melody,Night,Relaxation and stress relief,While Traveling,Radio,5.0,Rarely,Comedy,Educational,Well known individuals,Shorter,Very Satisfied
20-35,Female,6 months to 1 year,Smartphone,Free (ad-supported),No,None,Music,Melody,Night,"Relaxation and stress relief, Sadness or melancholy","While Traveling, Workout session",recommendations,3.0,Never,,None,None,None,Ok
20-35,Female,Less than 6 months,Smartphone,Free (ad-supported),Yes,Student Plan-Rs 59/month,Music,Melody,Morning,Relaxation and stress relief,"While Traveling, leisure time","recommendations, Playlists",4.0,Never,None,None,None,None,Satisfied
20-35,,6 months to 1 year,Smartphone,Free (ad-supported),No,None,Music,Electronic/Dance,Night,Relaxation and stress relief,"While Traveling, leisure time",recommendations,4.0,Rarely,Lifestyle and Health,Conversational,Well known individuals,Shorter,Very Satisfied
20-35,Female,6 months to 1 year,Smartphone,Free (ad-supported),No,Student Plan-Rs 59/month,Music,Melody,Night,Relaxation and stress relief,"While Traveling, Workout session, leisure time","recommendations, Playlists",4.0,Once a week,Lifestyle and Health,Story telling,Both,Shorter,Satisfied
20-35,Female,Less than 6 months,Smartphone,Free (ad-supported),Yes,Duo plan- Rs 149/month,Music,Melody,Night,Sadness or melancholy,While Traveling,recommendations,,Rarely,None,Conversational,Both,Both,Satisfied
20-35,Female,Less than 6 months,Smartphone,Free (ad-supported),No,Individual Plan- Rs 119/ month,Music,Melody,Night,Relaxation and stress relief,leisure time,recommendations,1.0,,None,None,None,None,Very Dissatisfied
20-35,Female,6 months to 1 year,Smartphone,Free (ad-supported),No,None,Music,Melody,Afternoon,Relaxation and stress relief,"Office hours, While Traveling, leisure time","recommendations, Playlists",3.0,Rarely,None,None,None,None,Ok
20-35,Female,Less than 6 months,Smartphone,Free (ad-supported),No,Student Plan-Rs 59/month,Music,Melody,Night,Relaxation and stress relief,While Traveling,recommendations,3.0,Once a week,Comedy,None,None,Both,Ok
20-35,Male,More than 2 years,"Smartphone, Computer or laptop, Smart speakers or voice assistants",,Yes,Individual Plan- Rs 119/ month,Music,Pop,Night,"Relaxation and stress relief, Uplifting and motivational, Social gatherings or parties","While Traveling, leisure time","recommendations, Playlists, Radio, Others",5.0,Rarely,Comedy,Story telling,Both,Shorter,Satisfied
20-35,Female,More than 2 years,Smartphone,Free (ad-supported),No,Student Plan-Rs 59/month,Music,Pop,Night,Relaxation and stress relief,"Workout session, leisure time",Playlists,4.0,Never,None,None,None,None,Ok
20-35,Female,More than 2 years,Computer or laptop,Free (ad-supported),No,Student Plan-Rs 59/month,Music,Pop,Night,Sadness or melancholy,"Workout session, leisure time",Others,4.0,Never,None,None,None,None,Ok
20-35,Female,6 months to 1 year,Smartphone,Free (ad-supported),No,Individual Plan- Rs 119/ month,,Melody,Night,Relaxation and stress relief,While Traveling,recommendations,5.0,Never,None,None,None,None,Satisfied
12-20,Female,1 year to 2 years,Smartphone,Free (ad-supported),Yes,Student Plan-Rs 59/month,Music,,Night,Relaxation and stress relief,"Study Hours, Workout session, leisure time","recommendations, Playlists",5.0,Never,None,None,None,None,Ok
20-35,Male,1 year to 2 years,Smartphone,Premium (paid subscription),Yes,,Podcast,Melody,Night,Relaxation and stress relief,"While Traveling, leisure time","recommendations, Playlists, Others",4.0,Several times a week,Lifestyle and Health,Conversational,Both,Both,Very Satisfied
20-35,Female,More than 2 years,Smartphone,Free (ad-supported),Yes,Duo plan- Rs 149/month,Music,Melody,Night,Sadness or melancholy,While Traveling,"Others, Search",4.0,Rarely,Lifestyle and Health,Conversational,Both,Shorter,Ok
20-35,Female,More than 2 years,Smartphone,Free (ad-supported),No,Duo plan- Rs 149/month,Music,Melody,Night,"Relaxation and stress relief, Uplifting and motivational, Sadness or melancholy, Social gatherings or parties","While Traveling, leisure time","recommendations, Playlists, Others",5.0,Rarely,Food and cooking,Conversational,,Shorter,Satisfied
20-35,Female,More than 2 years,Smartphone,Free (ad-supported),No,Student Plan-Rs 59/month,Music,,Morning,Relaxation and stress relief,Study Hours,Playlists,3.0,Never,None,Story telling,unknown Podcasters,Shorter,Ok
20-35,Female,1 year to 2 years,Smartphone,Premium (paid subscription),Yes,Individual Plan- Rs 119/ month,Music,Melody,Night,"Relaxation and stress relief, Uplifting and motivational, Social gatherings or parties","While Traveling, Workout session, leisure time",recommendations,4.0,Rarely,Lifestyle and Health,Story telling,Well known individuals,Both,Ok
20-35,Female,Less than 6 months,Smartphone,Free (ad-supported),No,None,Music,Pop,Night,"Relaxation and stress relief, Social gatherings or parties",leisure time,recommendations,3.0,Rarely,Comedy,None,None,Shorter,Ok
20-35,Female,6 months to 1 year,Smartphone,Free (ad-supported),No,Student Plan-Rs 59/month,Music,Melody,Night,Relaxation and stress relief,"While Traveling, leisure time","recommendations, Others",3.0,Once a week,Sports,None,None,None,Ok
,Female,Less than 6 months,Smartphone,Free (ad-supported),No,None,Music,Melody,Night,Relaxation and stress relief,While Traveling,recommendations,3.0,Rarely,Sports,Educational,Both,Shorter,Satisfied
20-35,Female,Less than 6 months,Smartphone,Free (ad-supported),No,Student Plan-Rs 59/month,Podcast,Melody,Night,Relaxation and stress relief,leisure time,recommendations,3.0,Several times a week,Comedy,Story telling,Well known individuals,Shorter,Ok
20-35,Male,1 year to 2 years,Smartphone,Free (ad-supported),No,Duo plan- Rs 149/month,Music,Melody,Night,"Relaxation and stress relief, Uplifting and motivational","While Traveling, leisure time",Playlists,2.0,Rarely,Comedy,Educational,Both,Longer,
20-35,Female,Less than 6 months,Smartphone,Free (ad-supported),No,None,Music,Melody,Morning,Relaxation and stress relief,leisure time,"recommendations, Playlists",3.0,Rarely,None,None,None,Shorter,Ok
20-35,Female,1 year to 2 years,"Smartphone, Smart speakers or voice assistants",Free (ad-supported),No,Duo plan- Rs 149/month,Music,Melody,Afternoon,"Relaxation and stress relief, Social gatherings or parties","Office hours, While Traveling, ",recommendations,4.0,Several times a week,None,None,None,None,Ok
20-35,Male,Less than 6 months,Smartphone,Free (ad-supported),No,Student Plan-Rs 59/month,,Pop,Night,"Relaxation and stress relief, Uplifting and motivational, Social gatherings or parties","While Traveling, Workout session, leisure time",recommendations,4.0,Rarely,Comedy,Story telling,Both,Shorter,Satisfied
20-35,Female,More than 2 years,"Smartphone, Computer or laptop",Free (ad-supported),No,Individual Plan- Rs 119/ month,Music,Pop,Morning,"Relaxation and stress relief, Uplifting and motivational, Sadness or melancholy, Social gatherings or parties","While Traveling, Workout session, leisure time",Others,3.0,Never,None,None,None,None,Ok
20-35,Female,More than 2 years,Smartphone,Premium (paid subscription),Yes,Individual Plan- Rs 119/ month,Music,Melody,Night,"Relaxation and stress relief, Uplifting and motivational, Sadness or melancholy","While Traveling, Workout session, leisure time",,4.0,,Lifestyle and Health,Educational,Both,,Ok
20-35,Female,More than 2 years,Smartphone,Free (ad-supported),Yes,Family Plan-Rs 179/month,Music,,Night,"Relaxation and stress relief, Sadness or melancholy, Social gatherings or parties","While Traveling, Workout session, leisure time","recommendations, Playlists",4.0,Once a week,Lifestyle and Health,Conversational,Well known individuals,Both,Satisfied
20-35,Female,More than 2 years,"Smartphone, Computer or laptop",Free (ad-supported),No,None,Music,Pop,Night,"Relaxation and stress relief, Uplifting and motivational, Sadness or melancholy","Office hours, leisure time",recommendations,4.0,Never,None,None,None,None,Ok
20-35,Female,6 months to 1 year,Smartphone,,No,None,,Melody,Night,"Relaxation and stress relief, Social gatherings or parties",leisure time,Playlists,4.0,Rarely,Food and cooking,Conversational,Both,Shorter,Ok
20-35,Female,1 year to 2 years,Smartphone,Free (ad-supported),No,None,Music,Melody,Night,Relaxation and stress relief,leisure time,Playlists,4.0,Rarely,Lifestyle and Health,Interview,Well known individuals,Shorter,Satisfied
20-35,Female,6 months to 1 year,Smartphone,Free (ad-supported),No,None,Music,Melody,Night,Relaxation and stress relief,"Office hours, leisure time",Playlists,3.0,Never,None,None,None,None,Ok
20-35,Male,1 year to 2 years,Smartphone,Premium (paid subscription),Yes,Student Plan-Rs 59/month,Music,Rock,Morning,"Relaxation and stress relief, Uplifting and motivational","While Traveling, Workout session, leisure time",Playlists,3.0,Never,None,None,Well known individuals,Shorter,Dissatisfied
20-35,Female,More than 2 years,Smartphone,Free (ad-supported),No,Student Plan-Rs 59/month,Music,Pop,Night,"Relaxation and stress relief, Sadness or melancholy","While Traveling, Workout session, leisure time","recommendations, Playlists",4.0,Once a week,Comedy,Conversational,Well known individuals,Shorter,Satisfied
20-35,Female,Less than 6 months,"Smartphone, Computer or laptop",Free (ad-supported),No,None,Music,Melody,Afternoon,Relaxation and stress relief,leisure time,Others,3.0,Never,None,None,None,None,Ok
20-35,Female,More than 2 years,"Smartphone, Computer or laptop",Free (ad-supported),Yes,Individual Plan- Rs 119/ month,Music,Electronic/Dance,Night,"Relaxation and stress relief, Uplifting and motivational",leisure time,recommendations,5.0,Rarely,Lifestyle and Health,Story telling,Well known individuals,Shorter,Satisfied
20-35,Female,6 months to 1 year,Smartphone,Free (ad-supported),No,Family Plan-Rs 179/month,Music,Melody,Night,Relaxation and stress relief,"Office hours, While Traveling, leisure time","recommendations, Others",5.0,Rarely,Self help,Story telling,Both,Shorter,Satisfied
20-35,Female,,Smartphone,Free (ad-supported),No,None,Music,,Night,Relaxation and stress relief,leisure time,Others,3.0,Never,None,Conversational,Well known individuals,None,Ok
20-35,Female,More than 2 years,"Smartphone, Smart speakers or voice assistants, Wearable devices",Free (ad-supported),No,None,Music,Melody,Night,"Relaxation and stress relief, Uplifting and motivational, Sadness or melancholy, Social gatherings or parties","While Traveling, Workout session, leisure time","recommendations, Playlists",5.0,Rarely,Comedy,Story telling,Both,Shorter,
20-35,Female,More than 2 years,Smartphone,Free (ad-supported),Yes,Family Plan-Rs 179/month,Music,Melody,Night,Relaxation and stress relief,leisure time,Playlists,4.0,Rarely,Lifestyle and Health,Educational,unknown Podcasters,Shorter,Satisfied
20-35,Female,More than 2 years,Smartphone,Free (ad-supported),No,Student Plan-Rs 59/month,Music,Melody,Night,Relaxation and stress relief,While Traveling,,4.0,Rarely,Lifestyle and Health,Interview,Both,Shorter,Ok
20-35,Female,More than 2 years,Smartphone,Free (ad-supported),No,None,Music,Melody,Night,"Relaxation and stress relief, Sadness or melancholy",leisure time,"recommendations, Playlists",4.0,Rarely,Lifestyle and Health,Educational,Both,Both,Ok
20-35,Male,More than 2 years,Smartphone,Free (ad-supported),No,Family Plan-Rs 179/month,Music,classical,Night,Relaxation and stress relief,"Office hours, While Traveling",Playlists,4.0,Rarely,Comedy,Conversational,None,Shorter,Ok
20-35,Male,More than 2 years,"Smartphone, Computer or laptop",Free (ad-supported),Yes,Student Plan-Rs 59/month,Music,,Night,"Relaxation and stress relief, Sadness or melancholy",leisure time,Others,4.0,Never,None,None,None,None,Very Satisfied
20-35,Female,More than 2 years,Smartphone,Free (ad-supported),No,Student Plan-Rs 59/month,Music,Melody,Night,Relaxation and stress relief,"While Traveling, Workout session, leisure time",Playlists,4.0,Never,None,Conversational,None,Shorter,Ok
20-35,Female,,"Smartphone, Computer or laptop",Premium (paid subscription),Yes,Individual Plan- Rs 119/ month,Music,Pop,Night,"Relaxation and stress relief, Sadness or melancholy","While Traveling, Workout session, leisure time",recommendations,4.0,Rarely,Lifestyle and Health,Story telling,Both,Both,Satisfied
20-35,Female,1 year to 2 years,Smartphone,Free (ad-supported),No,None,Music,Melody,Morning,Relaxation and stress relief,leisure time,recommendations,3.0,Rarely,Health and Fitness,Educational,Both,Shorter,Satisfied
12-20,Others,1 year to 2 years,Computer or laptop,Free (ad-supported),Yes,Duo plan- Rs 149/month,Podcast,Rap,Night,Sadness or melancholy,leisure time,Others,2.0,Rarely,Health and Fitness,Story telling,unknown Podcasters,Both,Dissatisfied
12-20,Female,1 year to 2 years,Computer or laptop,Premium (paid subscription),No,Individual Plan- Rs 119/ month,Music,classical,Morning,Relaxation and stress relief,Study Hours,Playlists,2.0,Once a week,Health and Fitness,Interview,Well known individuals,Both,Ok
12-20,Female,6 months to 1 year,Smart speakers or voice assistants,Premium (paid subscription),Yes,Individual Plan- Rs 119/ month,Podcast,Rap,Afternoon,Sadness or melancholy,"Study Hours, While Traveling",Playlists,2.0,Several times a week,Comedy,Educational,Both,Longer,Satisfied
12-20,Female,6 months to 1 year,Computer or laptop,Premium (paid subscription),No,Duo plan- Rs 149/month,Music,Rap,,Sadness or melancholy,While Traveling,Radio,2.0,Several times a week,Sports,Conversational,unknown Podcasters,Longer,Satisfied
20-35,Female,1 year to 2 years,Computer or laptop,Free (ad-supported),Yes,Family Plan-Rs 179/month,Podcast,Rap,Afternoon,Uplifting and motivational,While Traveling,Radio,4.0,Several times a week,Lifestyle and Health,Story telling,Both,Longer,Satisfied
20-35,Female,1 year to 2 years,Smart speakers or voice assistants,Premium (paid subscription),Yes,Individual Plan- Rs 119/ month,,Rap,Afternoon,Sadness or melancholy,While Traveling,Radio,2.0,Once a week,Health and Fitness,Interview,Both,Longer,Very Satisfied
20-35,Others,1 year to 2 years,Smart speakers or voice assistants,Free (ad-supported),No,Duo plan- Rs 149/month,Podcast,Rap,Afternoon,Sadness or melancholy,While Traveling,Radio,2.0,Once a week,Health and Fitness,Interview,Both,Longer,Ok
20-35,Female,More than 2 years,Computer or laptop,Free (ad-supported),Yes,Individual Plan- Rs 119/ month,Music,classical,Afternoon,Sadness or melancholy,While Traveling,Radio,3.0,Once a week,Sports,Interview,Well known individuals,Longer,Ok
20-35,Female,6 months to 1 year,Smart speakers or voice assistants,Free (ad-supported),Yes,Family Plan-Rs 179/month,Podcast,Rap,Morning,Uplifting and motivational,While Traveling,Radio,2.0,Rarely,Health and Fitness,Story telling,unknown Podcasters,Longer,Ok
35-60,Female,6 months to 1 year,Smart speakers or voice assistants,Free (ad-supported),,Duo plan- Rs 149/month,Music,Rap,Afternoon,Sadness or melancholy,While Traveling,Others,3.0,Once a week,Health and Fitness,,Both,Both,Dissatisfied
35-60,Female,6 months to 1 year,Computer or laptop,Free (ad-supported),Yes,Individual Plan- Rs 119/ month,Podcast,Rap,Afternoon,Sadness or melancholy,"Study Hours, Workout session","Playlists, Radio",3.0,Once a week,Sports,Interview,Both,Longer,Satisfied
20-35,Others,6 months to 1 year,Smart speakers or voice assistants,Premium (paid subscription),Yes,Individual Plan- Rs 119/ month,Music,Rap,Night,Uplifting and motivational,Study Hours,Playlists,3.0,Rarely,Lifestyle and Health,Story telling,Both,Longer,Very Satisfied
20-35,Female,1 year to 2 years,Wearable devices,Premium (paid subscription),Yes,Individual Plan- Rs 119/ month,Music,Electronic/Dance,Afternoon,Sadness or melancholy,Workout session,Radio,3.0,Rarely,Sports,Conversational,Both,,Satisfied
12-20,Female,6 months to 1 year,Smart speakers or voice assistants,Premium (paid subscription),Yes,Individual Plan- Rs 119/ month,,Rap,Afternoon,Sadness or melancholy,Workout session,Radio,3.0,Rarely,Sports,Story telling,unknown Podcasters,Both,Satisfied
35-60,Female,6 months to 1 year,Computer or laptop,Premium (paid subscription),No,Family Plan-Rs 179/month,Podcast,Melody,Morning,Uplifting and motivational,Workout session,Radio,4.0,Rarely,Lifestyle and Health,Interview,Well known individuals,Both,
20-35,Female,Less than 6 months,Computer or laptop,Premium (paid subscription),No,Duo plan- Rs 149/month,Music,classical,Afternoon,Uplifting and motivational,Workout session,Others,2.0,Once a week,Sports,None,unknown Podcasters,Both,Ok
20-35,Female,6 months to 1 year,Smart speakers or voice assistants,Free (ad-supported),No,Duo plan- Rs 149/month,Podcast,classical,Morning,,"Study Hours, leisure time","Playlists, Radio, Others",3.0,Once a week,Lifestyle and Health,Interview,Both,Both,Ok
20-35,Male,6 months to 1 year,Computer or laptop,Premium (paid subscription),No,Family Plan-Rs 179/month,Podcast,classical,Afternoon,Uplifting and motivational,While Traveling,Radio,3.0,Rarely,Health and Fitness,Story telling,unknown Podcasters,Both,Ok
20-35,Female,1 year to 2 years,"Smartphone, Smart speakers or voice assistants",Free (ad-supported),,Family Plan-Rs 179/month,Podcast,Rap,Afternoon,Sadness or melancholy,"Study Hours, While Traveling",Playlists,3.0,Rarely,Sports,Conversational,Both,Both,Ok
12-20,Male,6 months to 1 year,Computer or laptop,Free (ad-supported),Yes,Duo plan- Rs 149/month,Podcast,classical,Afternoon,Sadness or melancholy,Workout session,"Radio, Others",3.0,Rarely,Sports,Story telling,Well known individuals,Longer,Ok
20-35,Others,6 months to 1 year,Smart speakers or voice assistants,Free (ad-supported),Yes,Duo plan- Rs 149/month,Music,Rap,Afternoon,"Relaxation and stress relief, Sadness or melancholy","Study Hours, While Traveling, leisure time","recommendations, Radio, Others",3.0,Once a week,Health and Fitness,Story telling,unknown Podcasters,Both,Ok
20-35,Female,1 year to 2 years,Computer or laptop,Free (ad-supported),Yes,Duo plan- Rs 149/month,Podcast,classical,Night,"Uplifting and motivational, Sadness or melancholy","Study Hours, While Traveling, leisure time",Radio,3.0,Rarely,Sports,Story telling,,Both,Satisfied
12-20,Female,1 year to 2 years,"Computer or laptop, Smart speakers or voice assistants",Premium (paid subscription),No,Duo plan- Rs 149/month,Music,Rap,Afternoon,"Uplifting and motivational, Social gatherings or parties","Office hours, Study Hours, Workout session","Playlists, Radio, Others",2.0,Several times a week,Health and Fitness,Story telling,unknown Podcasters,Longer,Ok
12-20,Female,1 year to 2 years,"Computer or laptop, Smart speakers or voice assistants",Premium (paid subscription),Yes,Family Plan-Rs 179/month,Podcast,Melody,Night,Sadness or melancholy,Study Hours,Radio,3.0,Once a week,Comedy,Interview,unknown Podcasters,Both,Ok
12-20,Female,1 year to 2 years,Computer or laptop,Free (ad-supported),Yes,Family Plan-Rs 179/month,Podcast,Melody,Afternoon,Uplifting and motivational,Workout session,Radio,3.0,Rarely,Sports,Story telling,unknown Podcasters,Longer,Very Satisfied
20-35,Male,6 months to 1 year,Smart speakers or voice assistants,Free (ad-supported),No,Duo plan- Rs 149/month,Music,Melody,Afternoon,Relaxation and stress relief,While Traveling,"Playlists, Radio",2.0,Several times a week,Comedy,Story telling,Both,Longer,Ok
20-35,Female,,"Smartphone, Smart speakers or voice assistants, Wearable devices",Free (ad-supported),Yes,Family Plan-Rs 179/month,Podcast,classical,Afternoon,"Relaxation and stress relief, Sadness or melancholy","Office hours, While Traveling, Workout session",,4.0,Several times a week,Lifestyle and Health,Story telling,unknown Podcasters,Both,Dissatisfied
20-35,Female,1 year to 2 years,Smartphone,Premium (paid subscription),Yes,Family Plan-Rs 179/month,Music,Melody,Afternoon,Sadness or melancholy,leisure time,Others,3.0,Rarely,Sports,Story telling,Both,Both,Ok
6-12,Others,More than 2 years,Computer or laptop,Free (ad-supported),No,Individual Plan- Rs 119/ month,Music,Rap,Morning,Social gatherings or parties,Study Hours,Radio,3.0,Several times a week,Sports,Conversational,Well known individuals,Both,Satisfied
12-20,Male,More than 2 years,"Computer or laptop, Smart speakers or voice assistants, Wearable devices",Free (ad-supported),No,Duo plan- Rs 149/month,Podcast,classical,Afternoon,"Uplifting and motivational, Social gatherings or parties",While Traveling,Playlists,4.0,Rarely,Sports,Interview,Both,Both,Very Satisfied
6-12,Others,1 year to 2 years,Computer or laptop,Premium (paid subscription),No,Duo plan- Rs 149/month,Podcast,classical,Afternoon,Uplifting and motivational,Workout session,Playlists,4.0,Rarely,Sports,Story telling,unknown Podcasters,Both,Ok
20-35,Female,1 year to 2 years,Smart speakers or voice assistants,Free (ad-supported),Yes,Individual Plan- Rs 119/ month,Podcast,Rap,Afternoon,Sadness or melancholy,leisure time,Playlists,4.0,Rarely,Comedy,Story telling,unknown Podcasters,Longer,Satisfied
20-35,Male,6 months to 1 year,Computer or laptop,Free (ad-supported),Yes,Individual Plan- Rs 119/ month,Podcast,classical,Afternoon,Uplifting and motivational,Study Hours,recommendations,3.0,Several times a week,Lifestyle and Health,Interview,Well known individuals,Longer,Ok
20-35,Male,1 year to 2 years,Smart speakers or voice assistants,Premium (paid subscription),Yes,Student Plan-Rs 59/month,Podcast,Rap,Afternoon,Sadness or melancholy,While Traveling,,4.0,Rarely,Sports,Conversational,Both,Both,Satisfied
20-35,Female,,Computer or laptop,Free (ad-supported),,Duo plan- Rs 149/month,Podcast,classical,,Sadness or melancholy,"Study Hours, Workout session",Radio,3.0,Several times a week,Health and Fitness,Story telling,Both,Shorter,Satisfied
20-35,Female,6 months to 1 year,Computer or laptop,Free (ad-supported),Yes,Family Plan-Rs 179/month,Music,Rap,Afternoon,Social gatherings or parties,While Traveling,Playlists,3.0,Once a week,Lifestyle and Health,Conversational,Both,Longer,Satisfied
,Female,6 months to 1 year,Smartphone,Premium (paid subscription),Yes,Duo plan- Rs 149/month,Podcast,Rap,Afternoon,Uplifting and motivational,"Office hours, While Traveling","recommendations, Playlists, Others",4.0,Several times a week,Sports,Story telling,Both,Longer,Satisfied
12-20,Male,6 months to 1 year,Smart speakers or voice assistants,Free (ad-supported),Yes,Duo plan- Rs 149/month,Podcast,classical,Afternoon,Relaxation and stress relief,"While Traveling, leisure time",Radio,3.0,Once a week,Sports,Interview,Well known individuals,Both,Very Dissatisfied
12-20,Female,6 months to 1 year,Computer or laptop,Premium (paid subscription),No,None,Music,Pop,Afternoon,Sadness or melancholy,While Traveling,Others,3.0,Rarely,Health and Fitness,Interview,unknown Podcasters,Both,Ok
12-20,Others,1 year to 2 years,Smart speakers or voice assistants,Free (ad-supported),No,Duo plan- Rs 149/month,Music,classical,Afternoon,Uplifting and motivational,Study Hours,Radio,3.0,Rarely,,Story telling,unknown Podcasters,Longer,
12-20,Male,More than 2 years,Smart speakers or voice assistants,Premium (paid subscription),Yes,Student Plan-Rs 59/month,Podcast,classical,Afternoon,Relaxation and stress relief,Study Hours,Playlists,3.0,Several times a week,Health and Fitness,Story telling,Well known individuals,Longer,Very Satisfied
20-35,Female,1 year to 2 years,Wearable devices,Free (ad-supported),Yes,Duo plan- Rs 149/month,Podcast,classical,Morning,Uplifting and motivational,"Office hours, While Traveling","recommendations, Radio",3.0,Rarely,Health and Fitness,Story telling,Both,Longer,Satisfied
20-35,Male,Less than 6 months,Smart speakers or voice assistants,Premium (paid subscription),Yes,Duo plan- Rs 149/month,Music,classical,Morning,Uplifting and motivational,Workout session,Playlists,4.0,Rarely,Lifestyle and Health,Interview,unknown Podcasters,Both,Satisfied
20-35,Female,Less than 6 months,Computer or laptop,Free (ad-supported),,Duo plan- Rs 149/month,Podcast,classical,Morning,Uplifting and motivational,"Office hours, Study Hours, While Traveling","Playlists, Radio",3.0,Rarely,Health and Fitness,Conversational,unknown Podcasters,Both,Ok
12-20,Female,6 months to 1 year,Wearable devices,Premium (paid subscription),Yes,Duo plan- Rs 149/month,Podcast,Rap,Morning,Relaxation and stress relief,While Traveling,Playlists,2.0,,Sports,None,Well known individuals,Both,Ok
20-35,Female,,Smartphone,Free (ad-supported),No,None,Music,Melody,Night,"Relaxation and stress relief, Sadness or melancholy","Study Hours, leisure time","recommendations, Others",4.0,Rarely,Lifestyle and Health,Educational,Well known individuals,Shorter,Ok
20-35,Male,More than 2 years,Smartphone,Premium (paid subscription),Yes,Individual Plan- Rs 119/ month,Music,Melody,Night,"Relaxation and stress relief, Uplifting and motivational, Sadness or melancholy, Social gatherings or parties",Study Hours,"recommendations, Playlists",5.0,Rarely,Comedy,Story telling,Both,Longer,Satisfied
20-35,Female,More than 2 years,Smartphone,Free (ad-supported),No,Student Plan-Rs 59/month,Music,Melody,Night,Relaxation and stress relief,Office hours,recommendations,4.0,Rarely,Educational ,Educational,Both,Shorter,Satisfied
20-35,Female,More than 2 years,Smartphone,Free (ad-supported),Yes,Individual Plan- Rs 119/ month,Music,Melody,Night,"Relaxation and stress relief, Sadness or melancholy","While Traveling, Workout session","recommendations, Others",4.0,Once a week,Stories ,Story telling,Both,Both,Satisfied
20-35,Female,More than 2 years,"Smartphone, Computer or laptop, Smart speakers or voice assistants",Free (ad-supported),No,None,Music,Kpop,Night,"Relaxation and stress relief, Uplifting and motivational","Study Hours, While Traveling, leisure time","recommendations, Playlists, Others",4.0,Never,None,None,None,None,Ok
20-35,Female,More than 2 years,Smartphone,Free (ad-supported),No,None,Music,Melody,Night,Relaxation and stress relief,While Traveling,"recommendations, Playlists",4.0,Rarely,None,Conversational,Both,Shorter,Satisfied
20-35,Female,More than 2 years,,Free (ad-supported),Yes,Student Plan-Rs 59/month,Music,Pop,Morning,"Uplifting and motivational, Sadness or melancholy",While Traveling,recommendations,5.0,Rarely,Lifestyle and Health,Conversational,Both,Shorter,Ok
20-35,Female,More than 2 years,"Smartphone, Computer or laptop",Free (ad-supported),Yes,Student Plan-Rs 59/month,Music,Pop,Night,"Relaxation and stress relief, Uplifting and motivational, Sadness or melancholy, Social gatherings or parties","While Traveling, Workout session, leisure time",,2.0,Rarely,Comedy,Story telling,Both,Shorter,Ok
20-35,Female,More than 2 years,Smartphone,Free (ad-supported),No,Student Plan-Rs 59/month,Music,Pop,Night,Relaxation and stress relief,leisure time,recommendations,3.0,Never,None,Story telling,Both,Shorter,Ok
20-35,Female,6 months to 1 year,Smartphone,Premium (paid subscription),Yes,Individual Plan- Rs 119/ month,,Melody,Night,"Relaxation and stress relief, Uplifting and motivational","Workout session, leisure time","recommendations, Others",2.0,Several times a week,Comedy,Conversational,Both,Longer,Satisfied
20-35,Female,,,Premium (paid subscription),Yes,Student Plan-Rs 59/month,Music,Pop,Night,"Relaxation and stress relief, Sadness or melancholy","Office hours,Study Hours, While Traveling, leisure time","Playlists, Radio",3.0,Never,None,None,None,None,Ok
